id,name
60dcd6597ac34d97aa2fc913b95009c4,李八搜
b01d7b6de97b43eb82ee759da3397852,孙一捷
c08f401620a744c0abe9417c7c15495e,黄六引
01e95a079e9040db8be63d2cfea342e4,钱三文
f586a37343b44a5a9a50bb0c8c4d23e1,钱四力
dddc92745217473eb64bbc17ccb6e28a,张三力
b7c3f4f44b0b42eba5041e47aefd1a0a,黄八球
50c1c2dfcc1c4cdbaa9d86708c3ec520,孙四球
ec34c2a532b947acba14266645271984,孙三捷
08eac98b7e4d4f68a8816a4d81683397,赵一息
f46957c159ea4fe8ae0d33767e2b3c87,王四致
4a51a102ddd040b4ad6c2451ac3338d1,王四于
607956a91a81409d8a9248f0c034f5b5,吴三搜
6571a4a49e1f49b2a77357d619d4c3f7,孙九致
f8725095491f4541af2595f59140c4bb,王八最
fc50c280f95a4bedbcfcd16237fd284f,吴八搜
6bf6fa02cc404b7cbf0edd9d383b857b,黄三中
baf2b5ca3d45429caab1be4b8e7c98e9,黄七致
d13a3ac6498241439b00fc93e2d67317,张七球
0cc4d12ceca7447cb410e0927ea16633,黄九致
a7da5f5d48db49b1800d455affed43b0,张四致
7226c4595b7f4f549bbb67e6c39848e6,赵四中
0ca64cafd5fe49c8987a6824587db5f4,孙六于
37a35a9637454720a4de99999003b299,孙七擎
0f4c5f2e048b4a1aa23fb12b13aaa383,李三全
ab766b61cb124fb9a6fd4a49fb645e2f,吴五大
685ff751d38c481a846e0cdf867ee32b,赵三于
31406178e8274ab1833c86fdd99c2848,孙六致
c179a420acbd4eeea3eaa0452998be18,赵一捷
c776566be2ee4fcf81bbc8d0de0f72ea,黄四搜
e4e79190d081421995371518736ebcf3,李八搜
b2bbbcba83374e5d92ac06ef85a946ad,钱六擎
d2b82ca9ceee4136bab07ab1f27b948d,孙七中
0e75b165bfad457f9bfcb3aded775d92,黄六文
a6912e4d37aa4e48a088c78c7797305d,孙八信
f00b645983424d0787853f6604417f99,赵六息
8b50388707e5481cb6cdb2b5ae3d3527,钱八索
8c1b7843bae7429f9049f0e399e214da,吴二索
ab80778c1e874768ac37c09bb98cb21c,孙三捷
de1827c2462b4978854ee89ff8fff839,吴五文
0b4dc2e0ff824e57b1d67a17a59395eb,王三球
b21f6174202048e28a33391c13b2ea0f,赵一文
bded7bc1434f4740a8ae4d98c2e090de,吴八全
8f15a6d9374246fb8d72616491ff63fb,李九捷
2c3c9febb87540c1be939a9bf9fa32b9,黄四球
666956fafb044f69bb52555b0f3339f7,孙五于
3acd543ce4514466a8fbfabef4f44dd9,赵六最
635efd72498e4beca4421db19aec2ef2,孙一息
6120e77bb7fd4e4e946ca06138ae6168,王三引
f412404cfb854633a57bfc08b6575567,李六引
f9048a7334104679b902eafe0f1d554f,赵七擎
500bb887598b4de9af3a2cc473a842d9,张七索
d9ed378ba04a4d67a3877b30419b50f6,李四力
fca1dc183bee4dcda46d429a264f4dff,黄八引
d6802d5b6d38443eacd351b3aad284aa,李四捷
5da89ceb72744e6bb6e9f7dfe7cd44d0,钱六擎
3bb50d644e2048309a707e7151e18d69,黄五于
cc9e03678bee4829bc11f7bcd3bb7915,李八于
a8e80c7b763842eb83d6910f0d2be148,张五搜
e1ee3269580e448996a7d832739accef,黄九息
a906d3c0eb1a4edd9d489120bdaaed49,黄四信
a6d557803d9945cc90e95d5103ba8bba,赵四搜
484f5ed5f141444b9945ed0a46700ceb,王九全
9ba41ddc0bec402b842243a65c8b9dd1,李四全
16722b20555f4bfa9db714f35ae6adc4,孙二于
8efc67b4ba094af49c750082d1e679fc,赵二最
de013751c72b4104ad9da8f407dc1158,黄五捷
c7f977dda75d450aada883c96324014e,黄六索
e32e3e15317748f59ed1318bf48f2c83,赵四力
8f1511bf89654f4b9b47405610f63f08,赵五文
555fce85b1cb499fa08e854b82c60ad1,钱三力
c340f7caec694630a2d488a07aa28ec5,赵三捷
ee90d341cce040fc87c0e0b4946f1069,赵三大
151c92fe20e746c78e5fcc79a89ffcf5,王九擎
c68795105b6649b5a88422f9c90d4eb2,孙一中
2317b2fa2e1c493a960ad0fe330fb1e1,吴一球
4e503a2e46804cfd8586941847f3b2d0,吴二最
74ad95e32b824a1b9052dc8cfbbc963c,孙四信
768381ca781c493dbd66f7fae2f47f36,李七于
a295dea3903d42b08570c55c2a314e78,李一力
eb21306aac144bedb143d28a49725903,王四大
762ab0e391db4c4680c0935b3cbb7ec1,吴七球
10ec9ced54d84107bc462391d48f1e85,王八大
85f199d66c76453d849f52c1988a2174,孙三引
917331df62ae40b0a21fd166a98f8a98,赵五信
c0e78cc03dc14cafb3ac5a2872e5fe31,李五索
d9273eaae46a45b5a4131108aac3e93b,李七信
f6854ba6ae294e50a3017195f4fe754e,吴六搜
0eac18eb7ba946b7bd436c37b01d1f9d,王四索
2e00502194354f7599fd75b85250a443,吴六擎
4ed3e5fe712047ed95f6e3f8b2e4ca98,李二文
2204f26f1ba64709a1e17dfb307c1c41,王七文
8acbe21ed96342bda1cad6af45a5246d,赵二致
4f26f065374d473d8dea7a437795b280,王三索
bea8e20e1ee441d7b0654635f5821fc9,钱四引
9504330a258c4631bdef8fda09cf0249,孙五中
d5d3b46bf4e6402fad79912f9bed093a,赵七大
ca4692eb548b4ca8b1a0d6fcced7bc79,黄一中
0a7da2b316eb4ceaa5f8ad14259fa751,王一全
31ed268145f844af805d22abb622bbfc,吴三信
92dc4ab6a41547249b654f434d3df37f,王二致
a19620e1fcac4800b013ef66c882f44d,孙六中
5b0b149d74034e3a932e48d1b8c27bec,钱八致
ee694dafd0f74e7486f49a634a83b466,孙六中
d3380c221d904b7cb84187d2fc0f4653,钱九引
d6ea3c13b377451fb2cf27eb5282efc1,赵九力
b769551bf340417bb7684e75bffc1dbc,孙三力
a6dfc6d23de144ada01a48f530a1d405,孙八中
725a85c9981947f69720dd5a7fbf4b1a,李五搜
d7ddbdf244384b5f9a4fc728edffe7ca,吴九文
f4c33ed0222e447b84b1cbf04b7afc1f,孙八搜
c17e7819a91947359f6278667c455d1f,张六索
bb685fcd67644b66b731988d63a5b0cc,赵二息
aae935b2128c431fa4e2ea872424ef95,吴六于
4cb8347d504c406ab7ceca3687fa84d8,王三捷
219e918b21104ed79bd4ae402076f560,李四引
970c7c63d60f4dc3b8bc817381b6fa84,李五最
430d76bef9c648f6851884421ccefbb0,李九信
cc71196f7fd3487f9c78a60907db7470,吴六捷
c35cbba52ddb4b71815f7b616e2e0ca3,吴八息
c580c45f65ab4841b30b9b8a148dfb9b,李六信
23a937f542fe431e83bfe1eb815e01ab,吴五力
248c53afb81e4972ad674aaf2fe401ab,李一力
283f0110f60d44c4a7d976dadcc99373,赵二搜
f3a0330edb8547ca9d25f7f2b376e5f6,孙一中
5c4f760be7d34cf0bc517dc702ac3ce8,吴四信
6ebd4fab7b314870b694f4f06b7cea5b,吴九文
9b372c8dae7649adb6b7abd5324c152a,王六致
796d3cd8ca23414b89d63dad99380c18,张三于
838019ccb6a9487891b036b629f72782,王一信
96c3536d4391475bbed72f97c5a0dc46,李六搜
836d561f30594ee3b7e243e08d1e2f69,钱七引
ce56a2dfbda3451da12e7a0b32a6c776,吴七索
6fc3883c6ed340cbb23f1bd6eaba2730,钱九力
bb2659fc20bb4836a2de51a96a6fc9f0,李六大
af8179627db3493ea5df75a101b05fff,钱七力
4091fd0d35f54bd485bff90257ea3b89,王一文
2e7c5a55ae634dc1ba2169a8e120786d,钱四擎
0f4be89f12b34f8aa5a1fdad6839d0dd,张六索
48d91f689ee144d3bc0907b9e2594e61,钱四擎
5cbf462d7e034310982059328dc4d898,张六索
0384213a1a5346aa8309a90477644d13,吴五大
36f30395f2d54a03a30345c8141d895d,钱二全
e8703c08bc0b44b7a09cbaf9ebe94286,李八文
f760bc438aba4be99639c46b9876bed8,吴八信
fae46f33bfa946f8ad253c6449f7ee0f,李二全
c268738afaef453290669155363dff11,吴五全
9951893e4fcf4713913317c6ed43a946,吴六引
519da0b3f4714eaf94b1e766c07d386d,吴四中
bad316266dbb41ae979ee8a68befa613,赵八息
9244446e30de49febd3752a07c9fb7c0,孙四中
419f4cc2fa344d53a9464da77b8315db,王六擎
ae04751cf03f4843852b2ce3231331b8,钱九文
02be80ac9f664fd2b4b9a63a26361e6f,赵七信
48d4861323eb4661a08ccfcbcf367083,吴七引
b7cb4bb4da0e4ce1be55fcfac8b28740,钱三力
28a3d521d52540c880152d74cc8c3f2a,王二球
bd57daa1a61c401f9079181374680b2b,吴四全
d8b1ce5d26474eec9c35c33ad576057a,李七息
9680014b339e4b99ba69b6f04f02b3a8,王四捷
90a0a5eb61bd4ed1aab3df574cb6aa80,孙五力
cb85118bf5d54c41bebb7191af2a3074,张四索
5767ddedf9034efdaabbb2534ec74729,张五球
f4836acd8bbd452491b250ac960fd240,黄二引
ff114beda718414c9149bb84b8ce3358,李三于
cba01de4f8074e35b5b077a05267cda6,吴二文
2086ce733ab543b1862f05a486438fd4,钱二擎
0d4bab63e2924f828a634d3e5c2e7b44,赵一全
e499cecbb05c451b861d016b81cbe4cf,孙一信
43f19781262a45138e0c86381459df46,钱二大
270b5254f7d44dc9b38fc5eb487c0788,张四中
71c4b5f2887a4b54b73838300589f287,吴八索
38482e2d83194ea9b761ba77bc28c749,赵二索
466cc3c04e504cd093c459c2dd62559b,黄五于
de8954e88c8e4c24a0cc18ba72f7db98,吴一致
d1c8aa16889442e4bfa74d5a040aa4ba,王八信
c1b8d56b605f43269d7e35d7d08fda49,赵五力
d5a1e4c36e554a65954b24193071b62e,钱八球
4dea93dc66c3464ca2b52e2f255f3c92,钱四擎
a304af102d704c2599169ffa37969707,张五大
ffc2845c6c724a81a941d97d6a6e8d43,赵二于
b8a099555cdf4786be27b5904c663922,李九力
3d20006bdd624c3e847efdd974a2ca08,李七息
c5371520c19f4e4f915acbae173ccaa2,黄七文
4019b8dd7e684c7eb2afb6637ffe6666,孙九擎
b6b38725429f4328a5f8758ca6e126f1,李二大
77c3d288d0304bdf8b2b96f70541620b,黄一捷
53b9eaa15b3341acbbb7930619254a02,李一捷
11055e6c6af54870820ef64e830838b0,吴五中
8f11759b933a473aa9b95c58ca8d7486,吴八息
3811a2c1e85b481185b9a1a22312bcac,孙一致
e7cd5411a6fe4c7bb5233713410b39ed,赵五中
b69341d972734a80ad6945338b3a5acc,王七大
c00c2dde325f4af0b876d032d55a75f5,钱七捷
945d9c06f7124d25b448d4144a424d09,张四球
ea762164b9664c77a6e3482a5516accc,张六中
69dccd84a831422389fe2981ca20da06,张二球
bc79ffd6c98c49509c903905d6a69bfc,张一文
5e4e159ccf944c14b13e8da3c9ccc0ae,黄二文
fdf3ef587d0147868c5ba3ad5b25fbc5,赵六大
2936ab997eeb44a999c6fb3cfbe79720,张一息
c0ecb5052aba4057aad262723b1b7bd5,王二于
452f616c07bf4293b0caa351097b793e,黄九力
71ebc0d62adb498aac088792e1d3e9bf,黄一索
5b52abe3afee47a796f2ac1995e33b1a,黄六引
cc36f36f20d346da964c4cbe96835456,钱一索
98531d16f886461bacb2f5c40885c784,张七搜
880caf4a1db3452f9238757350aa264b,孙一中
a2a1bb8299934467adffd796ea8b66ee,赵八大
84ff862482314509b8dfb9e40c009ed6,张二全
6cbf886e66ed4fd1902bed5867a9ec47,钱四擎
482da93110a342979a7090db9b44c1fe,王七中
f058938ea1e34b92a77eb3d3bfdb7a1c,孙一最
10728d76cd1247d8854b658370e7d466,张三致
2e8346f0e64348f897aa770ad9e3e041,钱四息
588b5e62431e459bab949d1121132758,赵三于
443c9465c91545b9a182d59f7267a969,张二全
8d618574fc9a4bccbad70d236a76d19e,吴三息
e434225ed2eb4476847ab7887f67920c,王四息
ae13ee5fd1364bafbac25522e4c2377d,黄一引
ab7ad4b30bbd4271848d0dd8b089c17d,王二文
721fa30dd8ad4dad9684b6cd1281b16e,赵三捷
32170768cb1446f58a96ebb6bdbc3b0c,赵七全
a2e2cab36f4047c6ba461937523fe8d8,赵一力
7d04fe6b8d2b4dd486299dcc339772c3,李四于
3197e6a3d1444d79acf8fa240e5426af,黄六息
bac1eee82b7a4a578487d0bb6e903504,孙七信
24c5c83c79344dafafb890486be9df53,孙二最
f6efd863a8314606aef3b5d2142592c5,赵五于
c518ccef66bf45689c3c95a36cdba28b,张二捷
db62ab4a28a04779b8f390aa1b668e62,黄七中
8c9caf860b6a401f8f55c1aefa6622e7,孙一最
ac4eac8e5858413fb6a8603609f0ae39,黄二索
8e198229e2654e38a1cdf14862d1b28b,黄七最
daac80ca3c2d4089b5e0300e0eec516d,孙八最
63ae46947bed4c95978f46eec505b9c5,孙二致
5bca19a2e9ab4db78c576575f143553b,孙六于
bf0d2d5d8a094e93937ff21eb6564872,李九捷
e2bab96cc5d7424f9e3f6a80300323cf,李三中
5f2e28ce34ae4f0d9b89f4d254188437,孙五信
33cc679e3b0f452e9d572d4c1b7ebc54,李六搜
9a41ec80853842f9b05e942258d3a9c2,孙四中
79ae86831f104032b8edf55cd744f52f,吴二大
b04fe7bb9c3b428799d6c21ecb4e1c3a,李六息
77315cf317d4414c873e2e6d5ec234f6,黄七致
bbd6a6b30f034542a5c4bddf32a3334a,张一信
271f835bcec74bd08be95ae526994a48,吴三球
76a7b428af4f41e4bdfa7aace76e242b,李五引
452af78b8feb477d9ef830c7ca0909d8,赵七致
c8f5a1979bb6437fb3cbd942763f1fa7,吴五球
4f6e27e8ab9a4767b93ff1bcd2e694a2,王二于
be6259b366c04c12a76dc12d78d1858b,王六索
68e30f09549f4f999494c728534a575f,王六球
75fe9395df5a4935b63053e802cdc59b,李二力
850148097ba44320b65dac66e6470c81,张二信
f59a0d134f8e4a08a0289403ec724656,钱五力
7cd6357d676a4772b3c7e6ba3163f72e,张三引
e51139a5db4a452c97baa5f3a48c1a48,孙五文
c10659bddd9c44f08d19d643bf4b60b2,吴四引
54b8d245e4c648feac1f53abea96e166,吴五最
3680d7644b994505bc292705b370db86,孙五信
fb2ee982ff83483ca7cad7d7b32bb319,赵一全
b595c1c845d849bab8e4815c778ec3a8,李一球
3913aa63e10448cbb561f72673edb94a,黄九于
6907e8f4e9844723ab14f1d408d6d20e,李二息
1968d36650cd45a79301a44f5b49b466,孙七球
3818d1441bbc43bfafd2c5e37bad2a52,赵一文
e2a939afe1f746a8a451a302845fba9a,钱九全
1b14ccfe0d744593b1a3d62c5a65ba00,王六搜
4e2811267fae4063893e9baa43ef588d,黄七捷
2fb2ff680b2f4b8d90089223bcafc3fa,吴六球
db8db658752f42d0bd73fc4f3564ed51,孙三引
328d389a0fc34c77ab19952f1079e279,李五息
2096b91009504487a140190701ece202,黄五球
8cf2659e735d4b5a916d9ff9c78371a2,王四最
dad2391191e14ec099686619be7a0f51,钱三大
097e8d14bf36426da7cc32b7da9c8c40,钱五息
44834b0660a94b01871ea1a915a5bf0f,赵四中
8257ab7e29714037aadfb7137358147b,吴四捷
1b55beb88c824f4397905d3629dc7404,孙八中
a65c568f179c43998e81aa25a8e67ccd,钱七息
e2bd077745bd4992932b53ad567798a3,李五最
a787df972d5649679d25bc83e5cdb33f,王四引
7de75424248a4a12860cd25ad9e170d0,吴六致
6bb0af2c6ef049748f4bbd11dc3aed05,赵六文
4372164a6ae742abb0042a02b4fa52b9,孙九致
9d8e662a843f4b61a67f7f05c7cf2b86,钱一引
1e07301fc9074781afdf8ce185ca54e2,黄七于
ee681e770e0a44d7af946cee6bcfbb6f,王八于
13f48b95dc23436dbf8866adfea8a1c4,孙八大
2bf244ecf1664586823a8cfc186b9444,黄八引
02321b5ad4c5427092e0af16bec4eee7,张九捷
d4591c56c57f4f63b1e3e43895a8e40a,李五索
77bf7238b1b8409b8082b62993cc9953,王七致
7f26bd9f41ab400dbd253c4dd3e690a3,张七引
757172952be14487b15d2c6b8e526782,孙三全
1df0e146a4484a7caac71128b7071d00,张六球
d73b962080f2450a885cc98392c786b8,赵七球
1c657e991e844324896449a18d1e5130,黄二球
21d4649d80434b61a5927293fee3baea,赵九全
45155f248d6c455eb4d30214f9340698,黄一全
688f0326a35a49c2a5fb5117bdcca232,孙七息
16aebd1e30e843c5ac874e2373256192,吴八擎
418e4251446f4d26acefe3dc27b34666,张四信
926ad5942c084f14b07498fb9e359a64,李六息
eb56ad923dc74c4ba5cd3318f85bf613,李四球
02eab0068ba4497ab47c63027a1630a1,吴三息
68b9ab10d900495bba522fcd6eee1254,黄四中
32f62aa0d94d4e0eb53f37354c466932,李六文
4af392101b7645a9a5705112c23154d0,吴一大
a4e45f060ee447448f68e8afac8d8b26,张四息
4681af01274145408d87f87c7f01815a,吴五全
281b494b48dc4432b581fe4559c269a8,张六于
3570217bdb08440498c1d2c67130bd1c,张八力
8c6a9750923748c881afe93e98dccbb4,钱一引
9eb136699e5e4e2a9842ef1b16a19953,王九大
ee058b7714654e9591b04f8906cbbf33,王四球
d9fbaa720e63450c9ba4f0437cf081dc,李三引
36fdb3edb5874e16b79c92f7baad43f5,黄六最
74ace5089cae431ebfdf9e3eca9d882e,赵七最
d98233aa2b7e4720a90b87251a10acd1,赵六信
1cca7975d5ff440fb9ab4228b8b438d8,李二息
b4ea85d3bea549e09ae5c2a0d5f22d25,吴七捷
116557a7b2904814addcc4df77db99ec,王六球
6ce3d96b7a064fae86e412a3e75f5c2c,吴八最
41db6c1052a44b1b9b64b04b64ea3d00,钱一中
293b9dedac2441d59e565c57622c2e0f,李二搜
8b1e6368f59347cda55e7b57b188db89,张六于
bc766c42345d44ec8c306f2921e99feb,黄三力
9e7b2672d92f411e93f2e1b761d86bc1,李六力
70909b4fd3534f8c9ad691b43a3be8e6,张五致
e4d204da6c994a0387c0eb53f6667d88,黄七搜
d31c4be138c84b58a179d6068a5a0c1b,李六索
3ce5761b07cd4b74bf8c908fb4221ded,李七引
c2d1ec8c4cc44b4c95db64dbb82a6b00,孙五文
5b5511102a104098b78dc20592f5c99a,赵七全
111499601ce34c13b3f12152f9b94e72,张六力
118e22b2e51f47a6b030b41e7b31d50d,赵五引
f2f52255d4654ca2897d97e78ae3a611,赵七大
b2bc2431e11b4dc9ad8f1bf613687448,吴四全
85d391c312414cf28f3360b69c8cf2f3,王二索
e370d17cfd9544be8afa55307304b4e3,张一于
7eb47fc9aa114823add059c4401ae35e,钱五文
9135aab77c1d486f9adbe7e955bb288e,张七捷
b573fa9058d344abbc1b725faa2f654b,李七文
fa3f29758f4d49a4ad52d889a2d105a0,钱二球
b558ee6e0d374d578680f3ce6da15e22,李六于
74b373d273cd4269ab697b1e29bd7425,赵二全
90663dded194418c89bcfac4abe4b40a,黄一息
bacf7c7fe3f745b09c467aa887341c0d,吴八中
b1cebb6793d945298865002dd878f241,王七信
d81b7673ad074ddf9e8b9571263d14fa,张六擎
778ed853fa834a70baa1ea18c6c1ac28,王九于
786b56c32f894e83b9f9abe81b99d417,张九息
b25a8fd2db56477cb141d18a06298205,孙四力
42035d6fff244dd19891c3d777bd0204,王六信
43e286bba45a49109f81c4c0b182417a,王七擎
59ea8f0133ce48378e8387b74a4ddf89,赵六擎
e0a693dc4845474f8880a7230e11a988,吴八球
a530f1d4eb69420e88b12721d783f385,孙六力
c78ba63de3be4b618b54970d1de8466d,赵七捷
6b55824211534977b0af8be1a29b803f,钱六力
6af742eaf76443598a0ef02f06d10a9e,张四大
1b76a42207174b84866041b03ba6a7b5,吴六信
af72017422e64669993f988e879d8466,张二中
e263a87f259d469c98f91acf63ada620,张一于
1302e653f39d4c739cfed4e8a4118c84,李三捷
ccb88905e615413cbe832cc37dcc500f,张一全
c59ee6d541e2488facdfa759091d4c93,李四致
65bdacef688445b49405818d5b68c6a5,钱三于
b453b015a44c4e878d951947475a3b10,钱五最
8d0fa727325149edae8b0d5e598be878,赵一文
9ffcfd70d175447dbea367c54624db90,孙四球
297f4d4d6eb74da3b3e04918e6227317,钱四索
14dbb7c54a7e4d20b5cbfabf5415b22c,吴九全
c609620627d64b93b2ce4b9610b6351c,黄九文
67dee0b5e64b4a76b72087c6f4d89702,张九中
6d3f9d710e564d7daf9e2d53bfa70e2e,李九于
860cb80528d640c7996593a546a76f30,张九引
aca5ff1f292f4ed0b178c21255a2eada,黄一最
aa2999edcaab46a7917aef285449bec9,黄二致
b93e1d17259342a186ae9d9d52008c71,吴七索
f57092fd169b4166aef86f139b538278,钱七息
9106e09f77f64c5da2550c14ee5ccc22,钱七息
c7764e14af734401ae1b61529ec6bea7,吴七最
e29cc3dcf8b147c183ed5ed4a2adbd42,黄六致
39bc7afd508b45cd830a9f1f1564c7b8,李二息
1c1d0b29e8644af4b2b937ce5a36b876,吴五引
5063e51aab0342cc952792b76dd5d080,黄六于
f8d2bb369bd044438bb32609b9cbe55a,赵一最
db60912ec1914c89b2d82acfc95f34cb,吴七索
b85c7f342c384e7b9a95f02fd4bb2f23,钱一于
bb22668fe2aa4c51b7f619bf0fe1e876,黄七擎
7c015cc30131428180725d9465c1622b,赵六最
abcc5b73c84e44fb9b32307c550b1ddb,张五于
58b04c55c65b4be8a062e5c23718597e,吴五全
c9d317cf06ac49fcb49048b686e23e8b,赵二最
828bbb2f240e42239d2ca782b5f36a6f,张一中
6c37497bdc4042f3bb65e6078933617f,赵八捷
f4f1fa2d6afa4d888f5ed708f71e7553,吴三致
5c3ab060b35141cca0ace55714a8a4a5,赵八全
45e539f304d949108e47ee239301f5b4,王六信
7e3c62d8c7ea4dd883d16b1e0fc4a1ee,钱六全
417a46f0d66c419e8033d43a498f13a7,王五大
7699849d2901408ea94d7041b3942156,张八中
1f334aed3363495caac0b560a5adfd02,黄五引
9a99db1f4b10460394ec33cf59defaa0,钱六信
b2171b57c6f645fc8e3a180adaeaf3a9,钱三全
3a8acd7717f244009ba8858a601bcb37,李二大
a9f5e8b745aa414faacf203f199b4a73,李二索
d0808e29be0340fc87c1645e56d9c0f9,王一擎
1c2dad433a4a47bd9ce6cba21bd8a2d3,张七全
abebfb3c7e0b4dd18b162146aad170b0,赵九擎
71316093c0dd4b22925ed842c649b32c,赵四球
b9d611d2bcbb484ca8a96c0026e0f4d2,钱九中
0faff090119c425a944ca925faf7dff0,黄七擎
b30991940f7142d881ad783645d1489e,黄五致
1633f47cbe4940e4b2fd38fb71092194,王三球
f79aa3bf1e33439098f73674e8bcb45a,吴三于
002dea67921046c8aa0067a70ee961c4,赵九信
d1a2d844a45c4d43904fd02614e14d14,王二引
210c9480f2cd4012832f94bb34b95134,黄九擎
e7d090c8034647ddae9820fb717c6e87,吴八捷
b18135d869494d69ae16059cb47426b9,李六于
41b1a525ab034b718183ed3d118f1c40,王六中
e50feb6051aa4e7183e44af6ebc32aaf,钱三大
bfb0f0c682a84fdead320a4ad7cd0866,李五致
bc85bf06887746d689eda2842a91ed65,赵八中
0be14206b6374a8c91512407d9dea528,黄三文
2c98b58d115f4cf7ad3336bc0c154ef5,赵五索
dcaecf5ca63c41a4b8c66bcf32e763e5,钱三息
b1ce59f2b0984d6598b8090b504056b1,孙六引
59119268bfa64c17b22f1d8a177e94bc,赵一擎
bebba80472c743c2971df203a89fd819,王九搜
293e09bf71e946bfb6ee4231f99ac12f,王二信
d2019887f8ec4919aead481143f48fc7,李七息
8270e0dad6f54ed683a0f7dae1a4b23d,钱九捷
1ca26c73b9c547e89b4ec910f2a3ec64,吴二息
68b1da8b505d48e6b9740f5918c5fc72,王六搜
2d72285378f34110922a4bd088152eda,黄一索
eddfbd9052044504b8d8b183a48e2247,吴三于
6d899a3746e64032842777656bbe10fc,李四信
317aaa635fc94f5ab5a39ea622c99ad2,钱六擎
cf3a7ca4a32940f7a274db31884ce59e,吴三索
0a8d16d0388149c99afdb69a90ef6359,赵五大
1d101133010c4e4e9fd2ea44e085a647,吴九文
7dbb7a8ffe894b3a8e60e794a7c0876b,孙七最
a01d4c5a6f2b4d08bb94d30beb8a5ee4,王八全
8fb18182134547798eda82e5078b30a4,李六息
aed40b98095d40b6b52ae1554dca5dcc,黄六文
329a70518e4d47959e4778efb20c718a,黄六力
50921a941eb24acaab28f8ebad82fe42,黄七最
c305f3c5b02f4259a15f61a702cbe619,黄九索
3351a50027d54235b383ac2abd341ad5,王二索
4ee07e3114e742148e70cfbf0930ddee,孙一索
1a30e41ade8543e5b28477b29e6d34b6,李五文
2d4c12df5c8b43908a7c0b643821e75d,李九致
aedc11e7d7474371922e9f8cb2e3130b,赵九于
d8063ef4bc7143f2bb0893446ebb02a1,赵四擎
1fa39c22dcab40e593e605c2f39e0adf,孙九擎
6fe91b75ba6f4fcba6367da9cb2aeb4d,李四于
64998fd1a88743e19c69b504710bc101,孙六中
232cdb9b8f85405ab9f8641d1212fdf0,钱三力
99a90522dc7d4dd1a9f02465adc4c800,李五文
8938a13ee6ae445eb702526109ed66cf,吴二捷
f7e7f0be7c93481c8b8ab23469840524,吴九球
a5d0528006484f388fa182ff494a9f12,黄八捷
b0e51c4a341147b697102e9438ea7122,黄七大
0456cb65ea48488e8cb42065f7d90c71,吴六信
df92625d17994486a412e1ff8e239a0a,孙五擎
7e79da4b73c64793ad9fc18f2dd23fc9,黄八致
223594eb1ed6499584ba4cde416ddc38,钱七致
65b053bec9ae46db8560ae5f0bdaf182,黄七于
457d42d7607f42e7960409f9267acecc,吴五捷
08c119cc1f3a4e818e2be846397bfe3f,黄七捷
1d44fcf370d941a2a29b1cfdcad67955,王六于
5b120034d2f349b98d207b5c6dcd58d1,张八搜
6ba7a86e1f5b4b59a1aa46173e71c41a,赵九大
ccd51aa4f5354990af0e225f9bf5ed13,吴二全
cc39563ec445409aa170c439c20bba97,赵二文
a8bdf8bed565405aa24adaed13a0e9c5,黄七文
304e5c81789c426ab70b23af6857524f,张一全
c9366b4eba0440358fd16704a4fdb54b,孙九搜
8f064b4294f14d20bc97a054fad5507a,赵四文
c4c8e0bef3ea45f7886cd80f9eb3607b,张五致
a7e5a45620c0463f9575c341c7f9da34,赵三引
8a7ae2eed9b14a93889481b1cd5d5a89,李六力
d06ebe99012a400c800203f934b33d8a,张四搜
22197d2986d44bbf8102d4a7e5bdb8d5,黄四致
436b02b0a94942589d1120230969f987,赵八擎
6cb035c19754420088b158c09d0fb8a3,王三引
959e71bf7cc34207925276ac2aabe227,王九致
4c3abe5b8a4e44158567a3cbb345be0a,孙三中
067da862e89e4e4e81967c80c5245935,孙五擎
0a8ea061a987499d8594d7be5fcee44e,吴七致
4570cc354dd84fb998e07a0212fa2da9,钱四息
59cb677d71fa4e7fa8afb6db5fcee8e2,李七索
0fea763f4ef14965bb0550a2b6428a24,李九息
5a2d1afe424f4b32abe70627426e614e,孙五搜
9ab1696f0d1d4adfb92d99ae1343bf3b,张三力
b3f0849555904894b2b133ea168939b5,黄七于
83b94d0414444f74a13f7b3de1ffa1cd,黄三息
f5d802ba07b54ed9a3492a8466943c5c,赵七捷
6d3b89f9fb4b4abba1e730fea80ec3ef,钱八擎
37c740d76d0c42d8a709307229186818,李三文
410a2949d451467e95674930b3f6b8d1,钱一中
ad3e0d36e6984f94933db6b6f0dabb19,孙九文
1a34b35ba6434c97952f5e2a203d43fb,张四力
eff5769cfd554537a2798b4767177d15,孙一全
5292296fac9246529e15697c11a0ce92,孙五中
7715a6ea33a14423b680006a67158dc0,钱一信
b8c6b930b424417fa18fcf36384aef51,张三索
d027551ffc60416ab53be82bba2c8a25,李五引
433d239b6c9e4698a73f0327413cb032,吴五致
8ed03395b1254e35a5d98f7eab1bb7ed,黄四信
3a86d3b03e7a4112b6ae1b55b510405c,张四球
ed67999e86354264aff6334c4c42b743,吴七于
0f769874613b455eacb36bd75d3b48d0,李九全
45769b7ad82244498c463366341cd2e5,张五索
1a28c905692444a8bad1dfbb625bcfec,钱一引
aeb02fde425d4b579ff3ea489cea308c,吴七致
e25b09641b1a48e1aa605fae3bbad447,李六于
93eda5965e4241e58630d19ae0ab65ad,孙九引
3948b20b164b47678427a2344d499024,钱六捷
91bcf5407dc54a7693ac716080771d19,赵七引
a2c60e1a1d5740af844e6f9d16b79484,钱四致
756f77feb9ee4ef7b9dfd93ca611159f,吴七引
89027edfb9ee4fc9ab55dc4033d9149e,李六信
582a1bac27db4e9da0b2a283c8a03f99,钱三最
35f9c499ca1f426aa4130305d4cb7e4d,吴四于
7edec5cfcc084673a9a67d9b8bce338a,孙六致
604b6f9f0b904dd9b0b2db8851f4b9b0,赵六大
9798b17fd74d41e79a48d91920500c99,黄一最
45aeec9a9c894af1a7d1942047fc8e33,钱六搜
0be3590300014a9f89500248dbf92740,孙四大
55d987675275488891e63595a63e8d80,赵六力
768027d288b5474bb84dc08370a5b62e,吴六引
eeca9a1c5d6c488e9400413f0dfe89d3,孙六最
606e830832a5410295e6d4ba55857e6b,黄四力
3f80e129b63b4f9795228f973df07026,李五息
faf48ab0f4274f92aa3ae562c1052609,李一搜
a622b1cbfaf74040b323b935d1361a88,吴四息
54a0d30c808b4dbd827ad17d0ddfdac3,赵三息
71a42cbbcb6e4969be06e273f42a1a5b,孙一信
a473fa55447f4ee79358be072bfdcc3c,李七引
419085383ac3415f940af796dc59c538,钱八最
c6e2a4d934494ed78f0e86302f701953,钱八搜
bfc025928ccc44028e6e1c8025794af2,赵一引
80fd359bcde44ca382589d73e5b0eb82,赵八息
7d5c6d50f8f64c8ab26caa5fd5319ca6,孙三致
cc3b52caaacd4ee4b9ed47460f9c461f,王四大
28387966fa0248f8a2df574001842553,张五致
795cc370811743a39bbad62e1c2080e5,赵七力
b33455f637544b6cbc576a21976541ff,黄二索
28c0fba4bb6545c5b2ba564c76685467,钱一球
f85f997e6dcb439c8d07000273ee2d11,钱二力
03234b901154460bafc1e0008177b4ee,钱四文
2be72b8cbebb40ae8440cc0311ee15f3,黄一中
6664dd638aa641d49fd7adf86cf91a9c,张一搜
f9894ef09c3443d4b29c59e0b16c3c6a,李四力
b86b990b9a2748f38c2dcb30e1aba106,孙一全
befc247c10c3427abc38644feb5f3c77,赵五于
3ec272367eab4329ad8942e06ca8e090,李二捷
7fe2bbd5bf864e2781c5ff8560822e29,黄七信
59548bea02324fd3bd397d09c85b2e70,吴二文
c04259b993d74fd59ef2f875d97250da,赵九捷
6b5a081fec114bf7b9f136d6804a1ef3,吴五信
7058f3a0c01646fc8242d88ea2aba2b6,王一捷
697fcbc7537f41fe903654d50906e4b3,孙四捷
f7270967119f49ba8d4750923fb7a0b5,黄四搜
3f114684a6864353be1ffea7d78bd752,孙五捷
2bdcaeeb76764f2397556b1cf2d63849,黄一于
5796f095639b4622b75385d4f3653aee,王五擎
762b5ad8255d4bd6a1a7527db86b7307,黄八索
8cb63479318b49ad9b05a5ea1e039677,张二擎
c893fb658d3a49d69e04b6b138cd1cdf,张七球
879b5c2dbc3a478fbfc435b998df23f5,王四全
976117ba9cd54f5e9b8a623eb527ccba,吴三大
2da55312c5df437097e0f240846c670b,赵四大
e74f0727f52c44288d828bd197b9fc58,李四大
fc3246be4d80499ab0f1d62fa76b9e1d,黄六致
d1d8e69c000e4a56a8b592f6356986c6,吴三全
62fb81926bac4f01b75a456fe9c5ba77,钱一捷
b21b97ca67974ed98ff68bcc88b1bc53,吴九大
671024fc05c1404cb071eac75d9e6610,张一引
7b7e1b961dc44785a93b18cc33f3c864,钱七文
c12e048ccaf84ea1a208e2c4ad784ef8,李九捷
47f16d3d51bf4a0494b2f0783a74bae2,黄二最
1fcdf5181c114a1b909e3fc78404bc98,李五文
5814bb92595b4ea2bbe6f12b836a073a,赵三全
1aa8c500d3d74d4d9cf6bedddb9cbea1,孙一全
4027066a3f0848d69f7e1296ed1caacf,张一信
7862be503e934d95b515a5cb05c945e0,赵二文
3f6c30f18b4549c89735dc7bb7307cd0,李一捷
f0f9377b493d46988483dc908e69f90a,黄四引
1b1de970b03e4f1496ee8ee314e509f6,钱四搜
f9d7ed0f59054fecac31d844cbbf8d23,吴一全
806784e4d8954363bc7c02e9830e4cb4,孙五于
a27b8db28eed400fbbd7ec0337ad852c,王五最
caec07f56b474e5e9c68adbfa3569069,吴九球
01522619c72b43299ae5b3ee06fc52a4,吴三中
2f87e316b8a54568903d060c7024492c,黄六引
cdcbd58cd49344ef92bc7ffd8290ae14,张七于
e84646c627834be8973c5758d2ec5118,钱七捷
91d03426c17e48db9adf235af7e2ae32,李四引
879976dc011f4394a6c642fbc3780eab,吴四全
7a4a2d7827fa4ebcbe712626f6688e1e,孙八中
f76be345ba4641cda779e80e2adaf433,李九文
b869f24a3dd440a594c37c0bc86bf95e,黄四文
1b9222ea12bd4638b4bf5379fc1f5c1c,赵五最
3fd37c848f3448cd9d57f934e5cfa736,张三致
69655df9268c4384a3885e049ec0fab2,孙七息
1f10baf93ad149ee958aafffd2c48019,张九捷
e613bd3abd214e5f98bab82ab4d6b450,钱九捷
16802841db4046e78f9759cab3f2931b,黄九中
b24843906b554dc2ae6ddd87fd4c523d,赵五文
330b6d13b4bb49f98a6364c02472814b,吴四搜
f4080cd600e34c43b4649fa180f5782f,吴七索
5d295ce0d28a4910866a32a951ceba67,王三于
dd6b86afb78e49518f44a4a12cf25364,孙五息
b706b3f10a0b44e4a3160f9009060d94,王一全
6b45f53492b24897babae4dad1edbb9f,吴四索
b272e8c5eee543ae83a93163928732a5,王一擎
ab69908c068d474b96f5857235190c02,李四息
92fdf4201e68490ab402bf5c88e589b1,赵二索
9330eafd16b6428897fd018f104e500f,王六搜
7659ac4c481a451fbd784921a0566a25,李一搜
0567325b56af4ac8879c4c81509d5f5b,李五最
86f74f35a0004bee8073473db64c5429,赵四中
b5df7ead43cc4791924346e95b625fe5,孙三致
3f55eb92c6844a17aaf4db484e3e3190,张八中
4bf514fa36cc4983b38d02a0f68a55ea,王七文
871c0250f1de4ff39198857bbe56c8a9,钱八球
8eb381fdd77e41f7ad5c42361874b075,吴四全
58ab202db9864c02b652c8e74e29fa66,吴二捷
d430f79e68d74dfbbd17a3f5962257a8,李六擎
d1d90f31a2244c9fadce79d3a6ba7fcf,孙九大
c93a8216d46f499cb5811d0cc5d49c3e,黄三息
045e1f9fb12344c1a30f63c83e343011,孙四捷
8edd966dfdcd4c5a8989687b786d4e4a,黄一最
9f018e2773d24eec993525badcafcaf6,吴一全
0dcd1f793e564725979c9dd280d37501,吴八中
c80eda8f2aff42659f8a1940a676ed2e,钱四致
d8445f42b63a4c6d87ca2cca05e00581,孙九信
8bd788965e604b45b893f4f1ab2e021e,王八大
78b72b49d46542caa952bfe0598c00b0,黄二全
b13e0c53cc3c4f2daadac6a918f498a4,吴七于
11aa2f30baff46aa9701730f23ad4f77,孙七信
a2f1b9a14a4a48cf86845aace82ba891,黄八球
f656ef4c344f43f3a2efe7d800093598,黄五中
16ad6dc9d1df445d96b385bdb1b62f8a,赵一全
6c697c60ba0e438da23e6b182f1acb1b,黄六捷
227bc940bdf9445a81ca2e748fb97476,孙三力
5985cea45da7403bb1efb9edea847342,赵二于
604eb683f19c4930945e02c2783f4487,孙一球
ca54506f3abd466abdc52b602ec1aef3,孙二最
de4ab7b75e84474591c862c8f89d05ad,赵五索
3154e846521042328dda3abedb1bc95e,吴一中
ccf4445ccd214992a31a1831eb0b000b,张四擎
f4116448cfee4e2f8bc4bbd7e56abd68,赵七搜
1cfa5707bd204820b8d3528f7502235e,王五息
e57a0f07d34b43368c10cf626da65e8f,钱八球
bf949df61e80497b94fc4d6600da5937,吴一大
70d55e00a66c43a991c4835d26b36be5,孙九最
109f22a493e04f4189f3ad62f26c87f3,李二球
5300752b4de541d9be6ddc1511fd15f5,张二中
525415d9a0ce4a35a1ec20ce47245b88,黄二力
c70efcffd76346329109a5ea26c28330,李四擎
039036c87f1c43cfad55b35682446829,王七于
a1c610d409ce422ba34948bd37cd26ca,吴八索
dcfe671551864e5ea4c6312974492c8b,钱七力
607d2ccc18274286833236344509e812,钱三最
2173fb860f4b44ed98a09d99aa8e3482,钱五全
187b212994714897bf95c0e25e1cf130,张七致
723855948d7c48a59797f3a624f8c837,李九中
1f987461fcdf43efab0c322d143cdc6d,吴一搜
9a0ea6a657ad4068a37b56869237da72,张七文
2c90af748c5f47de99b02abd1e1da05f,孙七致
bb0b7ccc96d04636935eb9067c7b3b62,赵六捷
1531dec6f7e64bb5a4c17ef4dc92c25d,吴一擎
84a9e5c4f7064ecaa675cc7aef184f75,张三索
d01510d3a9404cd8b2f6cc3fb3a895ea,赵一捷
a94ea780e450443c9147d3bc6fd174ac,孙九信
de2c2d961fd440e3a27bfdac279e5b4a,赵五最
7cd1da10206742838aa6828d1f286d8b,钱三全
f73495b6f2424c589d7c0f3f81c47062,钱二致
e1eee8d8bfd04fd7985c95cc74830d0e,王三文
20d38acdd5354754929ccd9d8488c405,赵三息
d6045246eac54d1aa14c2f03250e3526,赵八球
3b9c4f38fe0e40ffbc6b5b607a68de09,王七球
0a319d87da7c41eb88f95ee7fd4dc6b6,张五引
fd540706277449b5860ba6d87aace819,王五息
2176be2c9b8c498babdd5935d050c24f,王四中
4862e3518f7140f8a95aadb8bc7e0c48,李五中
4fabf3a2c064483e8c9fe527d417ce79,吴五息
27f787a10afc4d1889ad4c4d38433583,黄七息
81a7f195a93f43e98cc8c79ff8c2df66,黄六于
6ee49ffe88574ee4a72e815ed3e71450,张七擎
de0fb55a1bcd4c45a7143537a3039cf7,王六球
a86b1afb06494f48914b6e0d1c4845fc,孙七引
f972876ada6144a6a543734c642e6cee,赵一球
c39ac927aeb548f29633ab7d7a653f5b,赵六引
ce5dcd77766e4712a7a39e5deab0a3da,王七信
41df1649b21b4c009fa26b7b1f13d3f3,李二力
e9fb2f8514b6424e994541941986a279,钱一捷
d4c1ef7bb8884a19a65dd37537ad6eee,赵六文
b2897c514791478fa43de82b850a0150,赵三于
ff782fcac6574513897f8f290631922b,吴七信
7bbbd645f1ff46dbb8815859bb8383d9,吴一最
ffe19816802b4fb48cd899cc141aafcb,吴二中
8da7c9da741942f78010e3cd23e67bb8,黄四索
33ab6485e16f48f3970352561a9549b4,王九搜
2c61e22e2b7a4073aba456597eb11b60,钱三全
f4c0e41b55894ab19c2a6d21132ca398,赵二捷
43793088b3c04af4bbf7cee05537fbd5,孙六信
3c8fdfea8a5a4b2287dbdeb129e3b971,吴三文
6276878274484e36acc91c120715ecfa,张六捷
e0034fb4049844c28ecf5bc6c6f3e36f,王六捷
89ca4fdce3f741f9ae7832ee87efb9ba,李二引
6b5944f4f88c4edaba830777a9db4956,吴六全
aaee15a0628b4d83990205a29937f1e1,钱五捷
51ddcaaba24a4bf28ca5bc85b5c55161,钱六索
105bc94bf4404b6db3c2fe93108bcd3e,李三息
a43c891e07594b5ab54ffcfed1b47f55,李四最
1aef52d90b4d4c22b3502a7d789ccb4c,钱七引
6c549a6c797e49e998b5dd8be0c58213,孙二擎
36d4a3423d5e499b922f84c7044dc4d6,赵八力
9220266c91a644b3a840bce9ca6c9e22,孙五中
0a93efce5a1d4b698c2596841ac5d52c,王二捷
d10166f5b6a04a8fafb5c856e368cda9,孙六最
e54b9d822ff04140b950c35213906472,孙五息
5c6c061cdff844f6b460e51fc6bca051,李八球
8dfe4fbb8c984877a58e0997b3c9ac0f,赵六文
49132953c813444783d0aef4164640c4,孙八致
f748491f32ca42ada24831cdd44da267,李七全
1ab9cc5862174fc9a145eece025d47bd,孙七最
ea1f1eb0f5d442ea97f6a6ffcd05a712,黄三力
b8318064b2c24f6890a22ebb759e5176,张五大
5ef229efc9ef4fe7849356459402edcb,孙七擎
13b5802c5caa4d18944cfec3c0c2ff2a,张八擎
174680a7420c4edc969f19bf8ac8d60a,吴二最
18960492d69f4a93b611d3e58fb35c3e,孙七息
08368a4768104b509f06ba8f2a12d9f8,黄八搜
4a731651179849b2b6dcafff75e2e7c3,赵一擎
67713386979343d5b745b7651397db8b,李六捷
e6fbfec3ed7544579a1a3f310eb71bd8,李八致
d5ebca913cbe44ddadd0759270c08c40,吴一信
e0e906e8bb8549c995ff2e9178d72fac,黄六中
63e5ae7f64954cada107589f2065c259,王六力
77a429a32bfd4d309bf01127a1a51fd0,钱三最
0fbf020e29324f8aadae96681930fcf3,王四球
fc8357b578da48469055d1aeb32531fb,黄九球
8a78cedb16b945a095ebde7f6b612cd6,赵八中
ecf83b4208d44462842ff33836576c39,赵三中
8acd34089b214eb98d8da6c21f92a7b0,钱四息
a5d18e18e72d40f4ba0d288893814a5b,张九致
a2340c080861473185d2cd29d4074f88,黄八中
b107377b1d024a968b2b44269232bcf8,钱二文
8383d98cea094bfe9965ff758e02a9c4,钱七大
7b017f058ba84babaf15535541a69b76,孙八信
b658a958fa0942f7bc23c38669bd7a4c,李五擎
462064bc81194508a26a0389e86f27de,吴五息
5538574208244362b75991a2ab995d6c,黄二于
8e003d732f804e1084234ffc8236405f,钱四致
d7c0dc55a03d485aa48ab0f0c1991f15,吴四力
d3efcaec81714007a1537dc7794b5c74,吴五致
8c92287955f84e6580dbe3bd3631c564,王七球
8e24dbeec3554f3a9effd581ad31a85e,孙六力
e1a41e67b7b6446a9999b0e57491fb64,王九大
795818ac94154b7293c491565f9272b9,黄七力
14eeabf3f886416a86b10f5d707dbe35,孙四文
724f862c22cb42d29a235e1cdd27f4cb,黄五捷
402fffe2eb08485681206643bd00fd8c,吴三息
d6c780bc451245ff9fa091c311101645,黄五大
48ecb0110b7e47d4af84ca262e91adfd,王四大
7c32196f1dc148d8a9551b9fda014dd6,王九全
bc6b0b493b4f4adc9e4406040530b6e1,钱五引
55df56ed4eae4443a5a7da6e7b0aaa92,钱七全
2a1339ed15b5469f834a1319e57c8f20,王一于
5e5f3bb506994b158530d421b4b99cc2,李六息
d194bca0e6a648e5afd77c1375ccb16a,赵一信
05da48a6a4fa42a09b34b99d487e88b8,张一力
e7bf78ff06044e9baa43c7e49b4faa26,黄三引
b8c532e1dceb40638f466900c404fbf5,张七中
c3b6163f20ab4146b80dd823a8bf66f6,孙八信
875746a781214fbb8be546f288ecabfa,赵一息
da3a9d96fec343b19627b94e7a8137d3,黄四信
a579bc3611c149e3a36479c2c5c3a3d9,赵七文
922da9e6f9f04c8497a959616a34c5dc,王七擎
1dd54b65955345e7a29cf57e474f24bd,赵七最
2726f188a439468887713d29301fac24,张八大
901e3bf1d0864bf981ff57ffdf6b8ce9,赵九于
b3f34fffed4e44b1a7daed9c382a5753,王三大
fdf03f040b6d4ff1bd88eb0086274a7d,黄七球
766723a4b6244665b40a5faf4fd5089c,张四全
6a76b244333641a3a186741b387be5e7,孙一息
4a7db8247eeb4dec98b90f58958822a4,王七信
d79f9c83e3ee4c4fb80891d445f31ca8,吴一力
4b83b9ec9dc543cca9021ca9065b6c4b,李四搜
3d9cd7a23a5042c08f57e7d80a44c50a,李二球
5e42252ea59446ab86f2c88abf2f6b96,孙五球
8430eb235c804718881b9e90a93ccd0d,张九引
f2842e9551e74fc9b0abe1a6a8351509,赵三中
0244a5ce462c47629f5cc45dc642b25e,赵五致
ae0116f9bb7d41b7b47664db8b9ad494,王二搜
90b277ccc3e34dbe97be7c745050aebe,王二引
de8ccfdbd8034541b8e2df250388a7af,钱一于
3d9fe6d97cd24e0b87c344d5d7692610,张八大
686d71eb7d3a4c4c99d73568606f09d6,黄一息
af50e921a2ce481d9db2dea1681c642c,李六信
37ee7ed72d6344e18443c0692eacee9f,黄一引
c75976549f694cc2b9436738220eeb8a,李五信
cdb5821249b84a37b3ba528e4560d99f,钱九息
a67a05f6e879474fac91eed2b3a3b57f,黄一引
21593b0298dd4e2f91f26241c3eb62c3,王三息
12aa0633eda248b68682169ffec703eb,黄二息
d1d63115dd2a453bb2c9a0feb8fa1b4a,张六信
ce11cded7ebb4e5497bac79d71951b58,李二大
59b361b7765d4bee913dba29eadb9f61,王九全
2fd0ad54078f4facb1b0be6b66816357,王七文
58f9dfa78e13481db15c63ef90f7a014,孙三力
4274543bba7843369cdee1a64aacb558,吴八球
57f9d1bd09a44b61aefd2b80506ca1b5,钱六于
ee0b2051cb8845c0a77d8021ab656b3e,王八全
f8e8d3f2f6064b6b9561eb7b73c1b951,李五索
7a1203f2d019400489d3b5fdc42822c3,李五全
7a7805f08a9f48d5bdb2dcee681379b7,吴六搜
d6c83560fb8545d3b9e34cc2c4d04600,吴二于
d277634d0a27430d82bfa68c4385b682,黄六文
119926243f6645578706c1c5e6428eda,钱三于
9720b3feff624d66a94701f1dab3655b,孙三全
a214afbabac84e11a26edd4059ee1abb,张二息
d06eef310b9c4befac249a3d62200bcd,赵一捷
2a631993fd7745caa0911fbdf23ad511,赵九最
8b57f53c8cb34557bdfd88a798f8f2b8,赵九文
bdcbe3e9f1d447949639b980a40cb70c,张七于
70c8c9c71b6841b482b04edfb69f79d7,黄三捷
0ad4b9cb13204c519744d4ba3db5f06b,王五球
683de753bd3142688d207ae5cece4af1,黄九大
100d89b72b24452089052991cafd0370,王七大
61f54eda88014b629d94c1d4e8fe446a,张九大
15a7385393784fa89cc5819d0617f0ed,李六全
d825711779be449caad8f079cd63607b,吴八大
d93c17601439443b8cf6988fc28d99a4,张九搜
935ed39b5d014335a03640109c59332f,李六信
70743f4d001f4b4599f5a9d9df1b9615,黄七最
55f4139c7f16447e85bcf54e0234710d,孙一最
69bda6e04c4643c98d576c34e69202c6,黄六引
ecbe65e4732342fea11d23f291482ace,王七文
64d87215a1014379bc3086571371eab3,李九最
b8a99a8619de42c189670773858f52c1,孙九致
3ae81d0f3670460392b3327e562f7dab,张九引
76da68efccdb424b9b92ffa8fee104c0,黄三力
55fa4e999aa146dd8bed2351461f0b6e,赵四大
fd73ce58ccd24f04b85e9737da896480,孙一息
0f3bced69ef2468ebd8fbda4c5e92a54,王六最
57b9ce3225d94246a582dfb97b39f069,赵一擎
c5ac2f07e2ee4d5eb58f2549df3d5445,王一信
9530b03dfb7443e9a1cc1559965446ee,孙三索
7716283d6bf94569b93691dc7b3bcd24,赵九球
df15eedc36d0462a90792c5edf6e0a25,王二搜
a8507d3bd15e46cfa566e2db30fe80ad,钱五信
a5dfce7c7ad74066b37413ca14f6968a,孙八球
18bc3bc1d43b4f6fa19348f7afa3bb99,赵七捷
35b801691d274186adf29359ec5bfc70,李三文
daa217aaecfe4bed9cd5974a947e7dae,钱一于
3f0e3a5095904137b6c970c3e24104f6,吴二最
d3be5472116648ebb089a76ed851f2eb,吴八索
913f68867a5d40e7b9a4463cfad8a056,张五球
69ec7ebd4e604ce09ea62fd2022bba06,吴八索
c951c26bd6074714ac95cfe99ec57161,王九搜
b0e2f4742a0a49b8b8db9a9a00329a01,孙七引
4570cd37ae8a4effab9032ca25598f88,王八全
ed67ce832732474681cb761d01b2c869,孙八引
60114385ff914df0ba686e7fb92299c4,吴五最
698b803f56dd43739e8e24bc76e997ee,王七大
e92758473508421fb1c0a2343a2fed52,李九于
c7230313fe884556aed86eec90842798,赵四擎
41d2722e2c5d4f3893e1b2ba34ee7b6b,孙六全
9ee6a70fccca4a1d892efe88646e0684,李八文
c17d827cce4f4e8fa9f939168d0ee0da,赵六致
770296bd5bc44249be778f10276e161b,钱九息
bb1546e400954c1ba7c92e5a6d4134f3,钱五引
0a00f337ff5f4127907da779056cd430,张四索
b1c6bc41d7d64aafbd7f1324050e7b24,孙八搜
6a1505fc0d2c44cd9dd02a7a005c0207,赵五息
44900cdcddb446aaabfb3a742ae2ce37,孙一全
47d968ec176e403b9d631a1466888f98,李六全
1c9e0a0870cb43be8772941eb3d8fda3,孙一于
b1d07934a58a4e078b113328a90dc00e,黄六于
7bab1284cb8a498295042722e0431a5d,王三大
33b225a38a2e4b04a4961b050a7a1c66,王八最
ee937fcadc9b48e99ab6f5f6fab4fb34,黄八文
c3ec60a1223946b19bb9f2e7bf4c5db7,赵三最
c643c532fea8436ba223f1d8739eff5b,吴三搜
caf844543c0944849cfce532afe39eb3,王七球
2a187b22c8b741a68f4e242d02388b6f,钱二致
4b39a60309804968905fd320978776b0,王一全
d911ead2c70d45888b212922482caf03,黄四息
ac4dd3c2e4724608914a87b341ddd74c,张三中
039de58e46b34261a1752879d2537d51,赵九力
bd070c095f4b41f2b7881909456c3544,吴二大
02226f80f3084f65a5860f272cc91b2c,王四息
c90ac95f9f784c3c98407431216ec5e4,王九息
7abc9a770d9b4daa8bc4250b8d25e664,吴二文
8b8f19cbf4d540838bcab7c851b3d067,李二捷
9fa76ddb1a594e3aafff1dc9de46ce0f,吴二捷
68a985869e764216b966e349f041c3d7,孙六球
9cd10984895f420da0032a2045aaf97e,王九捷
df42da81b4dd4859bd7fb132c65eff01,黄五球
85ffd67cc10b4165b067832b44283370,吴二致
4aec7e443e1d4c8daa6cc8024c1741b5,孙四搜
3e87d66523864d1abae12140766d5d5d,吴九力
e87c59007548469b91d93e1d3ecb43af,钱六大
1d5514d89b5844f995083a4a077bb91b,张二息
66aec15ca5fd4d63b80be87b06ff630a,李八大
6d07c5f4e54a4c82aeae2b8c166fada0,赵八大
2b6647cf0a3840bf9a888bb2b40b407d,钱九引
9bae305bfc9446f1924b52f01d7d2869,王六全
24ef8bdbf4de4adcbdd51cf58157dd7c,赵七搜
8355169e5a134785b9292b471cbc5f39,钱三搜
bd770467efbf43158b595ca2b3df206a,王九中
225cf9f39e0f4e948862a27091f5f7cc,王二全
a6495be307ef4a1fab6b0846c5b3364a,黄四引
0d13afe7d7ef426896b3e05b24e1138d,钱三最
9410308ce54d4b8191cc93a651f650e4,李二最
72cc129bbd4c40d4a5d6fc40e717408b,吴三于
b4a6f8418bb54a30b3326c2e85e268ae,黄八中
391b2dd7b670482bbc47904aba0c9f11,吴三力
0c66b258e8674bb08dfe4df6ce462472,李一信
8ccb04bf334941469b3e9afcbc29cd18,赵三球
56e9c035f4e049309f7f9baaee7efc11,孙三致
6218f6954f4545fcaafa1294e0cf2e98,王五力
368e061656194df6a2a15e00573cafa3,李五引
9ca0db3f933249b28ab4e4d04c086208,张五全
d8dcbd5f17de4bcf9c5019d67bd7db0e,王三球
663a7abbf482406493b928b49d454c47,李五最
fc14b205a0f44c67bfce0c44c6f130c4,赵五致
51f58f6156394baa8f9fa20a2249afcd,黄九力
2e50993b4a1647f6a22e5cd57dc6e63d,黄九力
88afdfc50f874b87b71e50aba7fa2642,李七搜
a57d7c33d53543e987abbef91465a8ea,赵八中
6de98d3d6dc049c59cc9c4dce9a98f6d,黄三最
2c46e25b0fab4d3283e908427c06139e,黄九搜
ad18f3bb61f849448cd46216384cc635,王五于
9bb5729620474bb7b1cf6796f3121c31,李五大
ddff5009ed094972b282e8e40e41f3fc,吴三于
cb8d4597ecdf47fb8dd48c54e0317299,吴一擎
5e871dd35ded4dd19ef6b2308a5f147e,赵六力
dc9fd97c0aa74394a4e762c155b0abff,孙九索
1ef70051033e407987485d9a5a638cf8,李三球
5fcb3f054d0d4b35842b4a1b9748b289,孙二擎
e03778c5a66445eda301b400f101e5ac,钱四搜
f548f2a4b07c48a685e375376170a7a5,王九于
1fcf56e4714941719f58b2167ca98df6,王五于
84c24502c83148cfbdddb290f6b7bb2f,赵九最
476a9d64dbf04aabba7ab1c033a7088a,黄八全
c2cf2756bec9432b9822a538e4bd993a,王二大
f98ff3997bd84dbe95932b427243e9dd,王四于
eacb792402d24d08b6099312144e8e1a,钱四引
a531e95358ea4f54a9b50622aeb20d8c,孙五信
334e45be63414308bcc6ecc18170bde4,吴三擎
aac147a39beb426481a1ecd2316ff232,孙七于
d0bd42dd3e58412ba41973bcfdec934f,钱一球
17b0c28167a34c38a30b3972e3a93faf,张五最
d89f07fb52b54ec8a152f4b596e7f520,吴三球
017179e4c358490f80c7365ee7912e9f,张四索
f6df2a330ca841ec8b8eb8e58d4fc6d2,孙七致
096e5bdce51f43d382a0582080052e35,王九球
50518fdd31f1453b93ec968b511bb580,黄九力
aef0259125764cb5bb2f326b2d898c34,吴三中
c5a61fd1c75a4908a50c1a4ce41a56d4,孙九捷
ee0ee10ff4904cff8b674b6ff471b8f3,钱二大
d23082fac276406581e46f3fa889a7ad,吴二中
c6846deb45c941bb9d9103633e4d8d92,李七中
3c0540ec7a254e33a0a13080a50ddefc,王四索
9131ef080d1043aebb1af60de8e6eb48,黄七索
a4160d96a88040cd868940e54d7be89e,钱二信
2dec699e1c7a4b1d8b952936d02b99af,张七索
f2082282a7cd4e22bcf2ce659f99c475,钱六擎
c0a29aefb8874884b3eae2852be7a495,李八于
26c30fa4ffa44b01a3e11c2702ed146f,张五擎
643461a784f3425da2df645509a8a089,吴五最
8265acc8e19049f9a882a3eea2a879f7,赵八全
a3c1ce40fb7949c3a3d6935f966e5303,钱九搜
ef3d95a7768b4c61b246dc6a51f39320,王二搜
03aed04354da47459c91b9d7bb3bfe0b,王六大
6e7b35823dcc44409cd4d4c2a5813a6e,黄四引
edaf90851ba84339a38e799d0ee26a50,孙八搜
a2d5391fc7a348eb83a95119e53a5437,吴五息
fcb73ef5dfa846eeb9df5ec296e807ab,张二索
a79769a62f754dd4a02e3b64655ca59c,李四最
91efebb4a720494791b7b7cb0352f09d,黄四于
3d620a9d38e9470f961febc72cac2f27,黄二索
4ee376c105ef47d094ab1b62a0a39e86,黄四文
b76dce6fd39a4d35b956703c87957840,李九致
6b522672d21b4e738a41cd086e2c1d9d,黄三中
d9287bcff04d4c94a325486a94749fa6,孙九于
76d2f7e7cceb4b7c8070e2d17a2a3a5e,王九力
4987ea02ce084cbba0c35f4649ee2d73,钱四最
158c97200e5840f3835d9fee11ca947e,李八索
cf5dea009d944440934697108cc6af5a,钱八最
f4eb5004cf234dabaec0d347d4e9e52c,李四大
a6d6c7c454654f199ab5c34a120abb5c,吴七于
ca8ce10238974a528f1d54fed6b87969,张六擎
d72e70ad6a5b4890915eaa9cff83c1ec,王六全
e1b16a8b638649dcabe0f236b1ecbe36,王二文
8db1c578ffa24c4295d26c5f111fcd0f,王五力
6c541d17175c4a8b847847769b1cbbf2,赵一球
9c2c8ab27b9f4f5d9216c44c1769dec1,黄五捷
80b7e8a72f864cbca7661d76b2270b28,张三中
d628acec36544133ab2c781d599739d5,王七擎
14b85a6e1bd846968e0b8199cbbaea8e,钱八力
2e0c2e761ab34048a5b85e6e84f4cab5,黄三全
bdbe6671cb80428c847b1efbe73b4b3f,吴一大
9682007d039545ff89d783ed09f1d30e,赵七大
f43d4285b5e7466fa85ca382392aab92,黄六中
ecf8b49a0f474c3b8ba2e2847afa7c40,赵五息
288e8571df15480c89b197daf1621cb7,钱五文
975e2ed3c0ef43199f5de6775e6492f8,张六于
a5871ae58c3f4377b50d37e4da2a5559,李九息
16919d2b1dc5466f9249614b96677fef,孙九中
bc6162acc24b4369872e69eb4255834e,吴四最
3a1446af77cd47a19bab954b84fc0bcc,孙五息
ba12715a1c7c47738a4191065f16496f,王七球
288113369c614511a2b265a94064405c,孙六球
617480949be44404b09d212cba38c431,孙二中
9234fc80f41b4966ab1a604ca2d1ee8d,张四擎
0583b8b6cef8453d9054b301c9364cc2,王四大
c63f93b35b3842208fa149c05848b888,王四搜
7b2e578f1ab643d3aee060317f73a063,李四擎
a0a8e1a9c4b4420e8b9c48950546648d,钱六息
2a6ac1d74685498e86e438afcc692167,吴三擎
640139acb8464da4839cd4b77df7526a,吴三大
a9e5f954cdb346e98a1d2a195cba1523,吴二致
13fd5c0d7e91448c974ee1a34d0bf2f5,王一息
6eeb5bbb5d814a498d72922bcfea6b74,赵八文
0f42f5f2724549939d5e21f0406221fd,李九引
9fc423b6ce8e4e939152ef4c8fcc8494,王三捷
7c9a882b9d2145c1bf18913950fe0210,张八球
84fcdf42ecf840a798643afb1b62546d,黄四文
102a8e9fa98348208b52d7390f8267d5,黄八文
dd25963928934df18fa8ed7cc26bf8a2,孙五搜
186686a1f1ab46c8bfa2d8f7b654502b,钱一于
747b512fec87405c818973b213ba8c00,吴二捷
ab3e14e2590c45dd9d89677456275dd4,李一最
2e39e6a7058c4bf29e6ad02a12e0c638,李八信
3442659cd7384914a41d313d82221369,张二息
40d3f71550084af5ad7a4c815e2c02ee,张三球
73b4da37b9ad42548feddad588b7349a,王四全
24de1e9087f845d0a3a3aa6c72442b70,赵九捷
1e75bfe37fd04efa868148f8c5a6ffab,李四致
0ac99ab4268442a3bed6d83280b3f3f6,钱五引
a930cc839ed947cf8d0d1bbde40ce823,王七大
21ad60b8899f4a39a2818a3b9447ab5b,黄一致
294a67b9a2274d59a9df625c36c99df6,孙六致
3f314ebc3c23452991dadf7b4eabe0a3,张五文
bc299af0e0104463a50bbfaa3ccac45f,赵五引
275760d979904115b667ae319bbd864a,黄一致
450102fae93e4d6b8b93cf116ab56fa8,张五信
da3980399ceb443f8d68434bff7aa14f,钱八中
216cd285b4534c06a4d3f6b459533fd8,孙三中
f67e6b8be1d646c8a2116beb90bde07d,黄九引
4a50cecb64c04089b08b4748dbc559dd,王五大
be550f684f6347dca07f09694d0b8f40,吴五搜
0ce471a816a349b78c6261883ae13104,王一中
429b65790acd4e97bcd107b32ff870f2,李一最
069a94260f1643d2ae5dbbd5fdea3922,李八球
190b78939d854908a80720e735e15537,王一文
137b20ec088d496ea85a6976f4feb0db,黄八中
5e800a18970246bfaf2e91c83797088d,赵六最
f6ac16c53e8a4a558f9c28eb89acbff0,李四信
514b30a47a3e4cb8b66d4227b736323f,钱三最
daa96607207f4d3fa6d6778c2525bab3,李六中
ff4f231916384748807d17c383f7e134,张八索
195c846b293f4222a47679d1ee2e0d20,吴四最
a1e74bf0ef78408fae588e6f656d0e62,李五息
11acfb569411473980f5afd097692fcc,王八全
2ae986502f9948a1b174d5c90a3df14c,赵五力
075b9ce4c6bd49a68fa6a649df88db9f,黄二全
4f5685038e554b6b83b8030b9b24e77c,王七力
3d3d4303cec24b75a10b7383dc83eea2,黄六致
d36dda5a61154f67abb3673c6511aada,张四捷
9e9b8371beed4b26917b9b1681d06431,李六引
0063a677ee12449c950873d7ae7282df,黄六文
ef8866304b3e497290b8291709dac909,黄八擎
ea753ac56ec04c9fa4dd58f992ce24f5,李一中
1630184fc0cd46d88474939ec42d3fa8,黄四引
844d00f20bef46d098c269c33afea1b0,吴四于
98ae82c8e39e48299c732ccf1e736870,吴九息
162dc8681f0a4a4b83e19c4e1ab71524,钱六引
a39169e1b9ea41f9b881bdb65798fc4e,赵三大
5c2abf26313443d48888034bbb99dc38,孙六致
ef15891538334598a670acf2d74a9ee9,王二力
29d08ec926a6402486605ba0f7aa2f62,孙八捷
aaa804f404ed4e18a97d0e059a241d53,孙五擎
705c7ef5a4944d1ea0c600a214b708bf,黄一球
22d91df7cf3d435283a849cc60976c1c,赵八最
7357a3b35cab48c9a12839b4bd762fba,孙七息
0a2888d432134b46a6a23fc11b2212e9,吴七息
8b495eee259e4537a3fc702eb5f84510,赵六索
a373c134c6a643f6b7285719bc19d445,钱一最
6da33f285d8a4473a42e542109630b95,赵九信
efb6fdcc46eb47ed8c9f41819c109eee,钱二最
45ba07074537485ca69b3cf8f68fba2b,王四引
ee2ab7130eeb476e9394acbdbf74b8f9,孙四球
bde32229902648e7851c06ff312dea9d,吴五大
1d2530eb719c48dfb96eaf8a5154ce2b,王一文
82adff35155243659caf5474604854f6,王六大
3cb8f648edb14e078854d1caac1b5d8b,吴八信
cfc1950779a6497d931549e673b95927,赵八捷
233dd9b4110d4462be9fb1f1d5d78e2b,李七最
5dc6a4ce12f944a797167d0383be3a55,赵六球
e59e2d5a090842e6a24621b701c21c4e,张四大
87ba14fe6d304cb9b1b98f22fc4eb617,吴一球
84f9e14f31de4130bfae7ce933da2373,李三息
946c1b7a85524147a9b89eed0297f427,赵一信
7c1afaea01364867acdc60d9038a286a,孙二于
b16d1f1bbb154cb1971c85e953f8c457,王四全
bb720f85cca7485f85cf76319a894fda,李五全
f43670baa35e427fbae5a14efaa6442c,黄三引
5a030cd273ab43f0879b69f7c432320e,赵九文
a9dfbf810f6240829775b6b57539cf82,吴四致
983b44eea5144f93bd4970672fe97062,王六全
a750926e66fd400f93b4297d5e69ff51,孙七中
13471d3b847a49fb88e09d564ff2cfa0,王三引
217aa6e7b9b948f8a0d36a70282c62ec,孙五索
1d403f6cb475401a8c2f1f70bb154a6f,王五息
955a0552166d4295a671ca005c781927,王五致
339c07fcbd6d4c4d8a4e63897a9a6aa6,孙七球
b4ad8d8e1b304ce18d991ba8efeba690,吴七致
2441ad9e8b0a42b1aaead56e64b189ab,吴三擎
ba72222f150c41dc8179086383c99971,孙一擎
ab56c8fc79bc4bd3b0073758d4156e2f,张一球
f7916ca9836647c7b7f57ceb82349860,钱六引
5f1a66be7cc54ec09f8562dc41758895,孙九息
ba0c0784a29447d3b0dd9cb5df1b52d3,张一索
28c7fd7486dc4af4a039bc9a3eebb493,王六致
3877b30c5e5048018a43ab94304d00be,钱五大
8b6abca3aae84aa7a871b7dd02199d30,王四球
53d197b2ffa347b3833837e286fb566f,钱九大
d2e3fbbc39124beab4b38d173f87c825,黄四索
2362e5e0583149f884879a46368d83d3,李九搜
f0dd5f22cb5946109412f1cfa9fc7779,李四引
1845cee69a844d0cb76a22fdc2241232,张八文
9d71dab8915149999c83e53fc8024fe8,王五擎
2e7c2ed9881743d095be904559ee9919,李七最
d9a4f0bc7c9b4a8cb91009d486810e12,吴三大
33b695c7d6ed4eb6a6cf28f4777a697b,吴九擎
ed2e4c07013d41bc83fc81379dd6545e,黄三文
92c3455d46db422e9d3343c9d83749bf,钱三球
6e08784abe5448c2a4879a00f60a0b9b,孙二最
4b0d9916d92b4d3397dba111654466a4,张五最
e6ea96e78bf942c49ca070397353c7b5,孙三索
6ca57390cf7648d7b17c8f34656dd849,黄七捷
980313e1839244f6abd7c75db8b19b27,李五息
3eba1211627d43b897f29a60adb41d45,王一文
c93b5cf3567c412f9540d7079fe3c295,黄八引
d1170acd5dfe40f4af53a6bb8414897f,赵九大
dd6619bc9dec4c6bb117a6a50887ea12,赵五信
54f4333a5f22485097d9e956180f8faf,张二力
b6b2b564afa349a79e8ab1d242782a0a,赵五大
5b61c170a16a4afebfd19dd5eacbf0ea,钱五信
fa662071ae9a469f9247e1e87d59ae98,张七于
53b05be20cfa482881f1f602afd9ea59,黄九引
47adac1bb9a5461abfdd08129d678a55,孙三球
28779d072c6243ee8a310178b8f93d44,赵一中
34d8dff3691a4b49b8a8a860f8c310eb,李二息
1d2385a11c9741d09ac92673229559be,黄一中
912f7bd47d6b4ce8baa909f48c5f2b43,吴二引
72b74a14c72344c58ebeb0953ff27413,黄三致
ebe5f7ce4a3743a8a04fe446f2096c95,黄一搜
c912b958edea4c58837b13334a3fbbe0,张四搜
d905d61becea4fcf8a1c99bdab208564,钱二全
f9720a9c7b8b47949f6ba3a8ee1a5fd2,李四捷
8745cc6dbf6e45988594c1e7aed8e867,王四全
362684b336894ea89e290d4287b4357c,吴七力
01c22de9238e45d8b69f589735f2110c,赵四文
4847f50fe3f342aba95c94dcb30fa2c0,李二信
dc53f96c31bc4a5f8fe02b11ba08b2ad,孙八大
a9db975cc5944c46b74dc93dc3382403,孙一最
2236eb07d2914e1ca6e07cbfc6a887f1,孙二文
4e92193cc5db4b1eac3af32fc1f0fcbf,吴八搜
6cccf48303e64f2281af680bc972592e,赵四于
9ca005f5b68f49d6bf32deec04ed7c7e,张七息
02a3a2e6a06d4bdc986a2aa230dd10f3,赵六捷
51a0f1644e3a4c3bb3963f43ba4c999e,孙七擎
bca3c468f3cf4779bd8aa0f01c3e3baa,张九全
51838dbed4954176b364057a5f16b37a,钱三信
051b90c4090b49eca1d452575c3cb6aa,黄一捷
8186b14ff54440a481199ca89c4930ec,张二息
1fa7654a1f2648cbb9369987d38032c8,孙三信
a7ca9cd3e8f94404849dd4fce4bd8d2c,钱五信
fad613fe72394d0c89485580fdd5cb3e,张二大
b575dfc201b149c89955a88f9dd187cf,黄一于
1a13e5ea497745b4a2fe93f29b1fb25c,黄五力
4f1dd85dc4eb494f9aff3c8e746fc802,李三最
0378e6cd700141b79d4ded4d9e88cbb1,孙一捷
f879c7bfbe6d4437bec88dcefe5c1a3e,赵九于
6c56b27d331949b998e9dcc319fe3bf6,孙六最
ab85d6b28cc447cbae40d8a9c559e294,王三于
b31b987c55324d8a84ebb9d17eb8896c,王四捷
5830c20b8c2149edab27eb76ce56af24,吴六球
10b5e0520a074c98afbea524ac8b3f71,孙八最
12f8e66443c441ce8be7e812a4dd59de,王三文
06ecc148ce80490e88d628904ab337a9,黄五中
22b7dc54edeb4f5fbcccbffbf0cff7a0,黄八捷
7cac35591fcf42b4a464808ad8c320b4,孙八息
bcbf7a7d958a47af8972ea46392c6f30,李八索
0e37833ed80042be80b30cbe568bf164,吴二球
171c87ff5ba7467489b5cbab480ae07e,吴三文
4dee853fe34a4e2eb5fc8ef943ebc1ba,孙七致
12028ac36a3e4ed9ae258f5b32b15ef2,孙六擎
f19175cc0d0443c78cce4dcd713b7c42,孙九捷
d4d4d536b7954e9ebbed03a27bb4b47c,王五于
66fb596d41b74d6e9064df78b7bf3492,赵三大
b9d3737cb6144f2699517977ac38f1ef,赵六文
0498802d5d4c4f1fb8150ef0574efd1f,李四文
f3776f0429e344e6bd6d7ace5ebfed89,王三致
a5ed603df58a44a6b00fe4ca3c8b81e4,黄九力
da8b702627d742d6addb62170913c6ed,张九捷
3f3f201ced1d475d849b5b67513c7c45,李一引
bfb35b7fa88d4983b3e12c16008b9e09,王九搜
da946a3db1b64c59a6ed2a52969cae9c,王九大
9da8dff9b13646daab61abe23be12f44,李一文
cdde501c560b4bff8847eda2ec0e84d6,吴二力
9fa4ccc949654c89be91616263e717de,吴五最
037e32cb729941169a3e11e4624b5592,赵六中
39c60dc38fbd4cd2b7e087340e4cf4d3,王二全
8de22eb5d2bf4a7eac881541ec44b6b7,黄四索
f987d29b59524dcda09072c592bac23f,黄六搜
73510b1ff9e744d6939b3df8cf5ee1cc,吴九全
889ea97f2400467e80b4125b5de66372,黄八引
20bf6c4299e54ef4a21454e5568d7b1e,吴三信
de4b68120b5e42a38152784f81443445,钱八息
bc5555082903471697b291cd52a9ff99,孙九引
d71b40dd7e4f4ea793e7b89d01236ad3,黄五擎
ff992032b3774d4e8e20ec81a006ea46,张一中
071322f891af4c6b8e6ed02c5f0893a5,吴六信
083cba9e4a7942fd8747f3dcbcbc22b0,王六中
9a5ab367772f427bbdc050290f884679,张五擎
3cef8b5f2d6c47f78f08b79411ed7675,张七于
d876f64b89a742ffbb277afa7dbf2999,孙三息
9f0e1dc3d643413797fb2232fee8a230,赵七文
ae1c8b1ffe7e43b1ae02857268ec8241,李八致
a86811c1f24c4d0c887b05bd5948c85d,李九捷
aafc11cfaeae4523a7666fb801ab5263,赵一信
7e01c818092c4422aba5d5d8d230e6b9,赵三信
16f1490e678641fe9262fff62193666f,孙一全
9e2049a5d3e64306bc8f97397df66346,黄二球
da0d5dd21da446f995bd2af38e7b86fd,张七全
349e5c81f5f24c49bc5abcabb085b546,孙一索
08077dce4ba1441699ba37e3e865bc38,孙八擎
43d5e9f98acd4a758f1353e2c679c1de,孙四大
edb54bd2cf414256a812831875ec3a6d,孙九擎
d78937bf815a4bff8d2b55b3e4aa4590,黄九球
b5167900c9034e0eb98accf808bcc48f,孙四文
b37c3b5e7c6e4930a64fd6e8c38e682f,王六大
187a894f407a4622bab17ae60ade773e,钱三索
da6aec44dc4c4e908afd7b4b90aab71b,吴一搜
a1baa241e3844891aa683016ec04e309,王八搜
0a6ce6e679b64e9f9ff4f97e64a65f09,王三引
8845473e070342f3aaf54b3936c23fea,黄七引
d3cd7182b156441aa4632e0afeda92eb,钱六大
5390ddd508a14330befebb16cb287886,孙七捷
8694c914751840a1896deb9115d11045,孙一最
d27dfbe2d6cc4daba6f543932fe49e43,黄七于
ec3dedc92323420482db9dc250a34e90,赵五信
1cbd1069cf464e3cbdb87426e77edc73,黄一中
6779f489a76640a69b8172697eb72bfd,李四中
60cfb1b67e3946949f53bca624dcd866,赵三于
105882d0be8e410d94341bb990f62e4a,孙五搜
9d13b0442d474d5fa866fd92cf32a946,黄八捷
a8444d3e72b54e788b097ae1578e4a3f,吴七文
4979d96a5e14413babb832fe0581fa74,张四全
6430444330dd4435a878d982663c3519,王三搜
9fe996549ece4792b2fe2d9fce294a0a,孙六致
1e66cdaf503a4fc992b2076ad21505da,钱一全
a72df9b5d84c40b0b0c5562195b0dfae,黄二最
66e82d2fa519408cac24a792aa88b650,吴五引
020705623f974bb68cbb390f01b5c3ae,王三最
c36b4a7ccbc843be9f38f539f749c7e9,李九文
7bf82a2cc2de47719c25224e609098a1,孙九最
06a9a488c4e64a90a0ffe63d919ef585,赵二于
c3e8b037414a438b8cb59f88631d4e1c,吴六捷
8db9a6672d82470a9000ac271a85ae31,王二文
1e8229cc0b294b968274e647dfbcc064,钱二中
5767f7de079e434fbc0c1a5eaa49ffca,钱七文
8b41d554a55b4caa953f20e23bb9e787,孙五于
efbee45e102342d5988cbb057debd651,李三全
1b684a460cf7436d952d2a2caaec03a9,钱二大
8891a652fb6f482782c67df27f158b1e,钱八信
b9965a7ed0824601ad605d199e85a38a,吴三最
75974c59b6a24363a91b33c5bae5d4f7,张三捷
83fd16b1051e4f0db1e8b18608406379,赵四球
c8aab8bd5e164b9481c2221f0a2fe4fe,钱八力
d02d5ce5d47b4fe1a9733eb4c0eecc33,王八息
a314b7924dce4662805468873adf53eb,张一中
28cf15c5c6044703b3db5bff292b9175,赵五中
b3e1bd4832174a7fbc03865c1dc91d55,张九致
7899114a857444f6b4af910d926f4e27,吴三擎
02558236c85c4619b203a0255b7bf22f,吴三息
f7660f7a24ea44e69801b5031449d920,吴六文
40675bb0dbb94eab9b658e70c1062f49,吴四球
0316489017044bc69671e5d3ec921d88,李二擎
0ae882f687cb4af18e8bdfbcbfb9f1a6,张二中
a90b7153f09a4dbc883da45aa6191307,赵五大
8de11fbbacea4567b200da6c5f6be153,钱五最
8cd8775e70fd4ee09d3deed803b557ee,黄一信
fd6bbdfe1ba84f36b157871c045da183,李二搜
3a2af7d344e0419e9c9d7fd37cb9e4f7,李七擎
4385eb6080b849359d8712af84d04fbf,吴六文
7ede950453a64898bb5da4e1f65403ad,钱三引
89e30eb7cb594d0281800a9abbc7f34f,王一力
2f0397591eda4b4dbaa90cd2c6fe34c9,张一最
cd9f9b382cec4812a620109b46b47e3c,王五大
6f822a568d394a05b5aac96e03d4d165,吴二文
389caa5cfc3b4f69959431c25be4e26b,钱二搜
ea51a07e1b5547de97f0543a541c2f90,赵七捷
06d1584565d745d08bb1169fb4377801,张二捷
7825553bcec0475d818f955d06f4c608,王八于
14e653ffe25341e7a3eb559857d1b34e,孙六信
49437e9f10be4f83b11fd2f1323a6e5d,钱七最
ac94054bc3474b7d8385b7603c045bd4,黄七致
07d44588650348939b5988b680183e89,李一中
8cee878629cf430e989308ad972ed013,李六文
6d808dce193342ccb74552f6923e7db2,孙九球
dbfb1beb4655466099a1acb413a65437,孙七擎
a9517b3db50c45d38e109231ebb15d99,孙七致
f552218d8ca8458aa45605ce2238025b,赵七致
f2b0eb71715946b29bae7c9e32d04165,钱六文
f409b6802ef54f27bb1853c794b78046,吴六擎
c4609ace290e407a948385c4da5673c0,张五全
b9f3e23fefdb4c5088043be76aa65e86,孙一球
b16253173cb344c4a2e3804909f7f8c8,孙九最
66250bd7983745a68043e3c91dda73ed,赵九力
305f4027679748339233eb929ab61694,李四中
d69149d3c9a44d02b16a134bcadcd273,钱七最
7637d54deaae4793a100d76a892ed3b0,张二引
a5bfe2e3ce5a4db69059d08015daf685,赵七力
1bb27910596d4139816e0c5abd6847d1,李三擎
e906eb73d1f848fba9b3719cea718534,王三全
6a886167e1664964bae2dea45a18af48,钱八致
d408db46caf7414f95656deea7f3b7de,赵六于
c714b6c28ef34d91b24c003e68bdc7b0,孙六大
95a3f00823984d348f5517d89f706e41,孙四索
8ead53c7bdc54a598fb60362a96e7b9a,孙五全
74ca51e66fc6498787f463714efffbd8,张四力
99fbbb3557af4330b02892d40a817822,王四信
b59c0753c11b4144924e2a078e7db52c,张六最
f67a1f03e1d44208be904f8dd73cc2ea,钱九引
e873f430e9cb43df9942904300b647c7,黄七大
aeca99c7825046268cd8cff5553b0e80,赵五引
1935bb9b837f411d80e2212ad80e7a03,钱五于
542cc7019cb94d978961fe71fc22f39a,吴八息
4bf2714d7e2b442599fb4faebcaae35d,张六中
73b77d59540c4c7588f2641e80d8dfe6,黄七擎
2a18799ce54842aa93cc703f3a263a0b,钱一最
cd5f7881f41b4bc9886e29efc01d1149,张五全
5a59ff4ebef54683a048ee9699c7dfd1,孙五最
437be388da5e4e2d9fc086fd5c57781a,钱一力
2cd1f778c1814e41a972619f6a3ec640,黄二捷
3044994a9e26477ea2b958d157ea32de,钱五于
8e9474786771423ea9a15dd7590a8ed4,孙三致
70b532b0f1f34239a5645da4dfd20326,孙三索
9f7db4f62fc74e288699523d9399a2e6,赵四搜
0d37248ae9214a1c9aa758bb4a061ff4,张九于
ea88a865734b401d818676495a45c001,钱七擎
8d3b405f9a9947909e45c3e031702dba,赵六最
09870d4f41e6486baf45e6681b92ffe2,李六全
ef4f7120c2984794a5b79d797b96e2be,黄八最
a3df3dd1baa84cc5ba3d32b0e31cc62f,孙八全
67db232ef32246a39e6334eb38d6667f,吴三最
73a4fa127ab24affa7b886dde5f0da27,张一擎
acb80d94f9df4a44bb6dc6f1d89129a9,王六信
98553a8e3fe64b20bd16b193fb879635,李四大
5e66ff48788d43a8bf9d53736902c439,张二索
5919184dea634b0abc70d2392eccfc30,钱四捷
51eb90fb9c234ac39e39332b71c6c59f,黄九球
cc6d16ca395c4401a15310c6ec27d22e,吴七球
4264a985d59f4077ad16b1414a0d82ca,钱四中
47e05de280644167a902dbee131991e1,钱五引
bf117968c8f74971895ef24d46db6ea1,钱五信
afb321a10d804256b89a4970d8369d13,赵四大
2a1e90e0b25b43e4a5522be133ecb865,王八大
3cff41cb0a024ef3be356f53cf6d3cd8,李四信
d7fe360363174b76a22b56d6c0fbaa15,张五索
4c40d8916efe4feea5036d8905642b16,张五球
9cb0a02768404dbf9c7d0189330917f3,王二力
8352caf752234179b7cd718893d615af,孙八捷
2b4f37f20f5c496ea336eb18ca1b465c,赵六信
b7be00b4285b4304aff4828d101b5d86,赵八索
c52627afbf674ddcbf1b9d70684bc70d,赵三索
43259ab793b94c818686f0dc467ed3f0,孙八搜
40edc16bee6147a8853b948a38d5d821,黄一大
48017296398f42128ec72384b2a61754,李八引
59bf00f27b33469dac666cf720acc617,王九息
f2f2c599b2574373abed879dee10b0da,吴二最
1674909b39784a859da10344eeb29991,张三最
abd2a3b9b832472498e806e387c4edb8,赵九力
18cc72ce1a9548f2b7c58222252880f6,吴六信
6e371d5bf8d44f40976b78c8a42cc4d8,黄三索
824c9159380b4b918c11751fa300d661,张一致
82757d2fa443498b9cc6da9aa2ee8f46,吴九全
3cefd69e6713451b9eeb43e1eeebe35e,李八于
9912206fb8854247b5bf1848326da09e,黄四致
5be9d24f6f124db3b61c5df3fab80507,王八中
90f44a91cdc948199b8ce24c3b295734,孙四息
828e1314f85944749777a0b670289393,黄二致
812fc08a5ff24d46b1e58f646321b855,赵八擎
d82bb0627df543279178fdebcec27a23,孙五信
b66ef0ae212448299faefbcfba524823,钱九球
7084f803c39e4754a9efac20e8c1c795,吴五中
0fa7718f8cc6424ea680d3b23192b179,吴七信
b01b6b22ebf34674afee598d43cb4521,孙二引
aa9a83ec1cfc4e3381781739756e3ddb,钱九大
edef5066cb794cb1b28f5f9e40b2dc93,李九大
60e2c73bc7ab4491aa3e0b4502da66a3,吴四信
4aa813e2294f4ab5bbd0a3c1029aa621,赵五中
c20c6b68c2c04d63aa3570efadc12784,赵三大
a2ddde57a392419296c2cd544a3a8fe7,吴六擎
8fd1f81f28264e0a8d588f0dab4e9c46,赵五息
859a2366a3fd48018afe13cbaa6cc01a,李三息
565b6658799e47bfa32fa09b492103c6,钱九信
01be956628414f9a916e5eceaa09eebd,孙二致
aa34309b6f45431ab2384491c993bd76,李七搜
417eb1018987413eba5160a7222d6582,李一中
e5bd870daf674bf795f84d7f1206f26f,王四息
1e25e68614c746498f7874a50861543e,张二大
6cac7e6ea377495c962f635f053c2559,孙五息
eea84463d8b642d49a2ee7d99d02d2eb,王二最
1527d5dda16b417eac3aca5947945d69,孙二搜
ddb4649bbcbd4f79a6b578483611ff1e,李三索
8254b8020e3a4745adabe00b58598fd1,吴七索
8eeb44eee9b74daea6f12fb19020f11b,赵六球
9e15751e4d244193b880d93223bd5d34,王六搜
08bd1796fda34b0bbce771917de1214e,孙七最
546714540b764ae5b8cf01c1733645d5,黄五引
b3762c11b7c748c4873d22f37ef38727,钱四息
bfad0e5bcb6d4c798e60610b35661b6c,李三全
346a7bd85cb24b0ca3de1bd1d080b4db,孙四信
62fec4b02c9c4cf0817aee77f60ed81d,吴八捷
4ab56cd1a4954fec8bc8819ebf37aad2,王八擎
e39498db6655430682647d4cce8bb832,张六全
56964d9388fe4e3c931c0e2659ff4af4,李四搜
074c181a39c849b0ae2706d9b639014d,李五引
99df210e51bd4969bca6ffbdef0c89c7,黄七擎
36294f854aaa4540a02a8d1421dc64dc,王九引
55c8f3ce20544adeb228689a12472b72,李一信
5885475935b5490192e1f5fb81ac8f59,吴五擎
0807bf77e75d43ebb9df5b78d1b17800,吴八引
d2d7153fceb04faa9b6f3f2f235b16b1,吴一大
e904b304a8474887add3829eb0ca2cb6,吴七最
3b6914ace59f403a92893a6e4ffad836,李八擎
62fe76e8ef2d419a9bad140d6d9b6b7c,李五文
cdcd58a5024d4a7f9e5d5d9586e932a7,孙四于
91ee4e463cf247e8ba64ac304a7d666c,吴三大
ef05d4f9c38a47e3bfa9d98344e897db,钱四致
0a4f551e383f4326904f10b419ab07f4,赵七文
6cbf22cfd1944445807a0e162e002f43,张八捷
69f2998edaf1458d8fdfe52532f8d4e2,李三信
7a4ed1ac1ecb40679073d058ebcbad55,李四致
4a00cb3a39fa4cb89aacf08360c3d6a5,黄七于
769e015cf01b4548b71c68479f5521ae,王二擎
c484c64fd009442382cad36602dbdc4f,吴三力
8ce67ead0c7140e294fcbcdd13b3945a,吴一中
e1dbe843f4244fd6a5cd306166fd6c74,孙三球
5923bd5bf31e4ef5acf67121329d6a93,吴一文
587cc97e643349d7b0c39eb1bfcf40a4,王一引
00cb16fd8968481b8c8e2411002cdbea,张七球
6146d7cc7ff6445da9e1f86cd92be7e2,孙二致
be106f11a8b74725bc29277c787f33ca,王三捷
0a1e7aeedca14aa8a3f7259c55e81739,钱九索
184569a7b2f841648b32a92244019b04,孙六索
19cf859acdec4163b1ff0b9a9519c831,赵六引
92bc698e884e4d5abc22700479147d7b,张四致
a49ba84bcec0479a9e73b6a7900b1440,孙三全
c6562a1541a24bd7a4be7ad1a601ec6f,王八引
5a8bb3738e0c4d35aa2dc91498af77a7,吴三全
8a9ecc1750704e3898c07990e3414ddf,赵二中
13b83c7737d841e39ca6a080cc09ecdb,吴七力
164b5811aa8e456c9129477514e6a3a7,吴五息
abbbe5ca4cf24c69b0ee1eca65a716c3,吴四息
4d9ad05fd8994ad98204278a4a68ac71,黄五大
05a401e32e6d4858a78f8049c68d3a0e,孙一捷
bf55c1da987144a4819afd0245b0cf7b,张七擎
8db939da19084ef482824612479fbc3a,张八搜
2cf41da5ea3042dc99079e7cb5305e5e,张四球
09efa6433fd04e4f9032c6d2da1fbeba,王二全
811d39a3073240f597ee8a72275b776f,钱六引
b320434c58e04ddb8d79ffdd1132c748,黄二文
84ea29a5ca8e42c8ba183ed8ea0d25e3,黄四捷
ebe423861883472c9fe953972d9925ff,吴五文
858aae8bcf514323bdf31c0f3ffd96d9,孙三最
9707117652974d708ff2e2329815fc9f,张五球
08cf58b8cd0547a99f8ef4af9b686fa9,孙六中
e4c86cfa38e1400997ab96d3e38c55a5,黄三力
24344897b1ae4069a2a00c0d06548948,孙七大
a7eda1f69ad2458b96d7a7844ec60875,吴四搜
96dd9ef3109b4383a4b897861f573cad,黄六全
27fd49ade24447cc8e45c38efe999f9f,张六信
fcfecb28c0e04be4b336ba41c4824f54,钱五引
0ccdaf3f8d044a47810d925c0de7ff4d,赵一搜
6534db726eb14ad4a9f70ccbaa6551bb,王一息
7243afd8bf134ada9466815c8d8a23ea,王二致
7796e8ac96d141d0ae49ebb84a18bfc0,黄九全
6a19b0b8f89d43fea9861a9334cf552d,黄五致
b23686746dc34ebcbde3308323a556de,李五擎
b9dd600cfe4646a38bb81dec468a1d22,王五球
fcf4b1847e274d139a86ae96e05e9b3f,张四息
ebef1733f2ab40f29e30f3c8bc3c95e5,钱三信
2279968e2f7f48eca97499fd0726790b,张八于
dddbd8d688604c729691caf9b1868999,吴一擎
371ade5e4f044416ac019ec394646a4f,李一捷
d68dfac932324417afd8a0b87285c99c,黄五全
ab9c096377074aa6bf40986dc388a27b,王四息
13994952656146b2b54f38bf3ab7a086,黄八信
a90143a7e835460480087b32dae3d744,钱三力
07e1d4e67d43488587054f1e684d923d,吴八大
96e178e35c964eb5b418aa1ff050baae,张三索
7b97152e634f45ff84975ae09270154b,黄三力
92c347733df34480ac50318207002332,钱四大
7181b9dfc9574f318523e4661be9fa54,张一引
e8e2081998c141939e72a7a139000aa5,孙六大
1b296928c18d4a6f859b803718c319c1,钱八球
2db43780a24243b0943156bc81e426f5,孙五文
022f6a87f2f44b36b3b9d0b012a79878,钱六引
35071588c5c34dc1b6a4683a3630eb3e,张五大
708f8a0a9fba4ad8a8befd4848d7ec81,黄七最
c826f6e6c84b40ee9a5054bfcea6ceca,吴一信
1bdc66aef82d47ae94558a80ac30129c,孙三索
2b967210f3aa4f20adbd0b539e11f1b0,王五球
2fd7198fd16948b7bfdcbb85069e706f,王九擎
cc718fed891f47eeb08a7ae9a58a554b,张八全
d855e5e3dfc14771ac49fb76c89ef004,王一力
300cd90ce1e642679ff82db619076c9f,赵五引
5248f8dc73d54f289ed648c5bfe48956,赵二致
b7dee06263fa4983843fae014d78fe78,孙九索
0a326183bf894da186ea31d31ef85d49,孙八中
d81e5928d0e24c94b0a37e43b7825951,李二球
3a2627c5841b487d95746204a2122517,吴三大
bce25d6fe5f447c4b72e49cadf2c4672,吴二中
bb36dca57dcb403f97667113d1da2dda,王四最
cfc065b26f294944bc52fd9574bda22e,赵二最
758d3901603d490e9c02371cb526acd6,王九全
4579f0e548b5483082df591fd032bf24,吴三大
d04763125317471180a8f171c5ce5a84,钱四信
ef0e0f3e1c9c4dbeb86211f76dda5dd9,钱八致
4ebc9833e0e048bea53f76893cf22a04,王五信
61ce374357334963b8c8d37e20cab5bc,赵三大
6edaac0c86474d65a22240e2c95fc243,赵八球
237e9af4d0584bf0b7f8c0d9371089e8,黄四致
1687d5f9bbc04903ac66e24b517bcaf8,李三全
fde4a2ecb30b4102bc7d6a4861602a9c,孙三全
4ec65c8f4e674e679ea558c694745940,钱九大
926c5eb02f824af59ee7c38f7efacf55,王三全
2d03a2d9f7424fc6808856932b6fe488,孙三文
232d13edef1c4553a077ff196ef1b631,吴六全
cf6f359e97c643c9b7078c8b515ac5cd,赵二索
6ce031efe2984f89a550f0c5c351a5f2,黄一搜
f5f4d3c515214860ba354e7303829a41,吴八最
64e3c70148d644bf8cd9d1f42a52f4a2,李二全
311e943f5aa948d1af609f912b161ddc,赵六捷
b55502707ddd49f9a43cb3206704755f,吴九致
4c6f26f8b5b04fc3bfcc99a57edc5383,钱七索
d831950b7f1547c88169efa7f77b5325,赵八信
a3fa648e2b7b403b919116d8b44e9ffc,张一力
4ea6d62cf272455a9dbd6d75d07b263b,钱四搜
c1d6c7275c27448992a0844d66ecba55,张二索
d1d34dc72c454281b5a542fd79dbcc80,钱九中
23ffe12f1b194dc9afd3251ae6a7aa8a,李三息
c24257592e6b4ac9946fe1cb26bb6df5,孙五擎
23976573b4d847889a9f3ba5aa2232b9,黄二中
d772920071fd4e6ca4cf1b5209b29fd3,王五大
4d442193acdc4867baabfcd226b1baf1,张二致
0286975b63404d9cbad16b2fb423bfe8,孙七索
d90309c12f9a48c688ee3080f26ca5a0,钱六球
23245cbdc4e94ac486a9d49891053608,黄六最
c5924c462b1b4960a9d398d26a2b54e2,吴五全
126fd84554434155b15e78a179324e17,李四索
2f6c117673994e2890d4ac0f5903b390,赵九球
2aa77664192349068ec82c3802cfe664,钱八搜
fd0bd6a9ef324289bc5b3a32ad6d3b9e,钱一大
11e5de841fda41feb6d0d0701e734c4b,黄九致
8696491242384648b01ec99894d01266,王三致
67344000cc36427384bb1f824b88a3fd,王五搜
70e15ef8f6644ab3846c4da917a70998,孙二球
1d2133e259564fd49889baee5d26f519,李九球
f238f12b4ac947668235b697d6791d9b,钱一捷
989f357bc300463fb4091b41686c59e8,李一捷
c63001cc05464ccf98b826ca0394e9a3,王二中
22b4d0a5674a442e8bb41b42df04693c,钱八球
9a27c9af4fcc4bcb8e81a821a8ab42a1,孙九息
7f05ae7dcd044c778e0bf0b283ccee81,钱三全
5088c60332244108b448cff52963382c,张七全
a4fd5fad04cc4d5bade7a8c92c0169f0,吴八致
2b8db6761a7d41dc9d19dd11e65b378d,张八搜
1d83fb353827484793f81199ef68f408,李七搜
608d26e6664a405aaf4e3a1d6edb1466,王四捷
50437cdf3df241a89a0a4903b0d5f0f6,赵三擎
b5c517de1332431ba081afeee10d9023,赵八最
63d0300521cc40ca85e4a638c66e68c3,黄一擎
9d6766a971bd41dcb4c6dafd01c78d12,钱二力
d4741be1fc44482c8c46930110e167e7,孙七中
ad5e26c27e974e56aa3c64edd39ed8e4,张五全
a42ef2b2d9e34796bbc8c57e2343d836,孙七中
1c3d5f56485948b68de1c785d5e03718,赵四最
4403a9e1a6564951b449311fd65fb123,吴八力
5ef9d7baf96849dbaba6430b39bebf7b,吴二球
e329c1dbd9bb48f8bc0d0b0178a0c307,吴九全
04839a1e1daf431fb4f0f2d2fc9208e7,张四息
47efd5d6febb4d568853e0477f7ed38e,吴七球
17dbb304ee054182b9a2546c77fd4984,孙五全
167a505343a14998887ed104fd66ad3b,赵五信
d5116456c3e449d6b14cfb3dd81d942e,吴七最
be558c198536432aab2d760626c8f5e9,黄七信
64fedd67971548faad860d9f0d03932f,孙八搜
79f46099564440d686bb956a1e6c23c1,王四最
07bfd011b8d44e80a31c8c46d6d2b395,孙九搜
e192d49a6b0c454f92b0b229167e0808,吴一致
74c015ce08944fc88d4d25fe4c3b474a,吴五引
988d522250bf4dcda4ad9ad2a20f0db9,钱五中
f080b224ef1d4f7d8b6e427f9ac5744f,钱六擎
79095070fb59466f85649457a5537bfc,孙四最
c6c3da13664549f59f5ade8c9f475946,吴一息
3b7adae79edf4dce982c62797d5581c3,李八最
ea8f5ef2300a41f3877c2d609cd4834f,李二最
e92b9ade8bdd479c99943558b17dbf2e,赵一于
fae6cf78e49f4bf6801fa5c8912b7ac4,黄四大
af1b8cfe44274fd6bb478875c5eec5ee,吴二于
16855551a49e4f7aa8a50386e2473aec,黄五引
e9e8f42d6e834eda846955398f32e477,钱三球
afd06bb0c17e4c338890dac12fb8706c,吴六文
0ef48764816e439b87c152310866b976,李四力
6955faeed81d4afba4265063460e18b5,孙八文
a9bd426cc70344b4aea8e0cd35b381de,赵一大
22ac892e50c649178bbd64bed112f06b,王五全
f355b7c6b08e4714b912b1e603c2a322,王五息
69fcbc91441e4a90af00896c24074717,黄六全
8b5631927d404eeba29df3cdc2c53f32,吴一最
48efd231f6364208aedde7e35779faff,吴五引
f1348b80622f492192a65bd35381b280,张五搜
2f08b388a9044adc88a203648b6299de,钱九力
40bdd6ce937d4812901e10fcc1339b3d,钱八文
6c068138c53342c4bdd60a0ffc7f3bd0,黄五大
690340fd9cc847f28fdb61c6d405a329,张二球
21ff440d6b914188ab380ed6fc74e220,黄九信
f1549823bbe14756b3d5e78d66d5e9f6,吴五息
82ad494878d24af896ac147e3bec0027,赵三索
5315ebbb91cc4df592593023fc26c3eb,黄九擎
10fa12c4538240d9acda44f6e99127d2,赵八文
37af4bd8f8aa48a083a0945eb6da480f,吴九文
4552f3aab477475cacf99cfc7993d478,赵一擎
8ee7c38938cd4664b4d6ae2a75be6ad6,王四息
b01e3a8ba12d407e9683295a9f508e46,吴一最
08d4c46a8202446fb58e2601ca090a4a,孙七息
4c957b24a7864799b424348f148b0c61,吴七球
ae19ecadb21e4128ae57b376d54a852d,钱三致
862577bde59d476d8e4603492db1ddb6,张六力
afe0c9a2527143d7b002c8299eaa7636,孙五大
21d8e968bfb74c038316a962bb813b05,钱四文
9421fcf9090542ea926265f1dd5cb32a,孙五擎
8ca5300231e44c5d88396ab295bb79b6,吴八球
eb16030defe04923b13825b3797bf545,孙一文
817508e30f6f403198d901319fa033e3,吴四息
fd40924257874739b159fd922cf0087a,张一息
1346d2d57d9c4249918f645b84731b55,王二索
31edf4c846de4bddbafd1cb2136bc31a,张八捷
ef920fb1d6724f6d98f8e51fa63a43b3,钱六信
4e334315f9854677a996402d76e3bfe6,赵七搜
08dca04f6216409aaef2124643da7457,吴七中
20dfc873e3a845bf87c8ea2e9c452339,黄八搜
70b74ae9bf9c40aeb18c9015e0607d38,李一致
6aefd6512015489fb38bc09d08bdb9ac,李八于
d462391b90b8439ab31e3bbfaaa3d254,孙五擎
6faf9b3c50694659b4ba4f3e3c309a2e,王六文
0164e309dbf54ad1a71226394725102c,赵五致
37929f520fa6479eba74136ec8d554ab,孙五于
ad61ca658abe4299bdba12b895a437d8,张三捷
fb34cf672086425a9c65a801c619811c,吴三引
ba8276e447ef40dfa7dde0f607e44b81,钱六引
212f408f001a4d5aae4e5b9566993f6f,赵八擎
6f1348431b5241dfad60128b71bc5c7d,赵五文
f8160f6129304d4f9e732bd2ff8a24d4,张八信
3a1a5809d4174bc7b1d4d0df35566fbe,赵五于
2f90d4fce3b54df78e9770292e4bd203,黄二最
d03ba6e182d94d56ba2b59e6e982604c,钱九搜
3cfbb836b28a4fe08916ef92ea0ecf95,吴九搜
9bd19877968147d7826bf038523e0343,王八文
1e427351102348dfa161a4216194c4ff,黄一全
e0001e5c02314ff4918695be88b5b8bd,孙八大
3463029a2a124303b0933bec29220fa3,赵四引
dccf306863d64e1dab13a282bd646978,吴二索
6752ae7e90a74554828a8023714915f7,张四引
dca50f25234448d4af144e90f3e1e06f,钱一力
b67a09fed0124f11beb8c7905f5d8bf0,张五文
64346ad6c372461fbd0766f6017e7020,孙二大
350daba7ae114bd79c11157d8c20d722,王二球
ace394f98f6f4e7a9e25d3f5daf881b0,钱二全
96e614551efd438e87d44e7fbd43445b,李五球
dab2eaf79edf448cbad66ef617d01b4f,吴一捷
a118e97d5b9f4bbe8c8fcce4aed6bc5c,钱三全
292b43d164af4fbd9128a445e3a075ec,钱七于
ac9f3d7428d249f39bd6f0fe551f585d,孙七捷
419eac7765514ae587765530bc68b9d5,钱六引
6b62847f80aa43cf9d85a078769f0b2a,钱六信
e100961f25fd41219fcf30097deb76ac,赵五球
b88a0db7a5f84a87b2e3820ad569dbcd,王九引
5f14bd77e1a34857b4459c22c40e43ef,吴八搜
df1c5c0f837f4045a6f2428089194a3d,钱九擎
fba79b70d8204ca0ba7e07bc452f58d8,钱五于
c92ef229c130402792f20cb69193341a,王五捷
16b0ea67f3c04f42a12e2fc8ba502615,赵八信
1de38bc91e9e44a99977eb104f144efb,赵三擎
9d9019d5e63b4e68a99598859a7e0724,孙九引
90c7a1c678d34e1d87a9efabfba0f793,吴四文
e801e8479bd1434896d04be068eeeee2,孙四捷
4957f9e0cc1145c9a4b18815be25ee77,黄九文
d3372311af614e0f9e2b7f41ae91c740,吴六球
1fc5037fd5114f42a72ea21d951228a1,赵一球
456b813f77f64d0d87d94b96bc4bf381,钱一文
a29a709992e346d48d356ec82640708b,孙九擎
12d1bee6ba8c48f0bad94a620cf020fe,李二息
5ce52dd86d204428b363afafab2f112a,吴九球
71485332370b4772b23ff05b63d3355f,张一于
f94c3551f6874ff6a00e0d48694ddaae,张四信
1613b3cb762d41089afdee96afb1afac,王五致
7a9e5b6d00714abf85ec9d7c49cc8988,吴一引
8ffaad9dac484591b6e9387fd995d123,李九于
5feeff1045374da38639a3160a77852b,黄六于
b603099faeca4500bcba312dc2a8cdc9,黄四球
46c55cc5d0984c74972a25901972fb61,张二信
9e1d6add55fb4e3dad6889dd39b12efe,李四索
8d5886cfeb6444c79e1c0cbea3605c1f,张二文
c1281dfe902246c88cf2bd5c16be707e,吴五引
7f5f1b38270d439ab67b58670f673021,孙六球
cb93e44cb01f488b8ff34277a480a956,吴四最
b68ea689b06a42e7992c68a77f5a5dde,张一引
f8a0a421e8a541eea30ac4dc51f31bd7,孙二于
b815abce360340fe9f635af4c6b74e34,赵四球
f94776fb0a9d48fbba163e6bdf98307a,钱九力
b4041fadb57d4893ad9eab447c9c4d0a,张四搜
497ff571e2a74abb8e83d17f784e78b6,孙九引
56a283d9b59e400db088d3abb4238dc1,黄九息
5da72aee33ce401eb1b59c3d003b524a,钱八信
0aa016974f2646609bf0f5274f4e7fb1,吴三全
f21cab1a4d9d426e8c0d21caf4ed7f75,钱九搜
41e14a5a16f246feba560c6eb183d2f8,黄七搜
9e8967bef6464d75939aa1fe4583a0b7,孙三擎
4556477370584ce6bec1e9e4166bd4a0,张八中
28de78284fa6433d8e38e9a67dcbe195,吴七最
8cb6900c875a44e4a899c3bbe57e152b,李六于
d87fe1a7ce414e909ad568475ce7986e,李七球
3854ad8713bc4783b3862e14feff7806,李三大
bb2849fd529d405d9ad339a2ba563dba,王六中
6fb02bf09383430684fa84e4caa695d8,李八文
c5067a602dbd4baa9d9490d5c85c9765,黄五中
5d7fb1f6f0d94c43822ff256ae990c7c,钱三致
7f0e0816985a42a0b19b502591c69f20,王二全
de6591a648064d8fa0ace1accac1bb27,孙八最
f03db22d33974ff6b08f44a99ba1475c,黄四捷
c3e2078aeb7a41279d57529026b3f136,张八力
50e2fa3961c649caa678a400eb1400de,吴一文
016cb111a59e4409b40459f9d834fdc3,孙九球
78f62e840c5f40c484af609a7f391417,黄九全
8d400d1086af447cb3fa27282b8313d3,赵九中
9fb21904a2594d98a185b35d40705894,吴九力
11097598dbcd4c59be7444fc95208a21,孙一于
f2dc5165b69f4e3f9e1c13cb78352805,吴六信
74561e9143a647bd8a4d7f2103e8e4b1,钱四息
fdbd43d2787b4aee91b3442fcc550a62,王八致
35290a89211c4fc1b6b2e429bfbe331a,吴三最
2bf96a37a8e942a7bb2a69a4f0449840,张七力
36e79eec684f45f296e1beb1cce10c61,李七息
d6ee438f23c548ad927abd2897869771,李八擎
24728d267a6545d38dd0c48511bff425,王四文
d49bd485dc8b4938aac9ed49aa7a4eac,王三擎
4cabaa40b1c942219bdf875f64b6db97,钱一索
0d29782e77d54f21b5e231b6ab25a455,黄五文
01b2dc06c3144dd19f39b7d728918dd1,钱六致
556bd7d755d646908c9ea239be6bc2cb,赵二文
8365237ca55442afb64cd5ca7ee4b0c1,黄一力
8935ff43349f4bb98f376e075758816e,王九于
4afda32fcca84e1fbda8b1aa0ca9a4d3,王三于
1ca8a84ad86a4b0a81f893cd36a69d24,黄六力
4fc8d366cfbb4160b2aea2897736e7e2,孙一球
e036e5b8bf5346fcb2ca34d598db59b0,孙九引
7f9ee05ebd834d799ff6be855915f2c5,孙六擎
e23d3453309d4324ba7530f92c7161b7,张八致
c0827d3de0004819a3a22e3323df3ada,张二致
a561278581f549cfb1b7fda51b0b62ef,李六中
5830dea7dc0a488b95a86b675e2453c3,李五最
9e581cac165842ad96f0b39709ff8fa5,张五擎
bd6c0c835c3b47deae8a5805d65a1d96,钱一大
ca0b6eadb78240d6a3cd15a17e3cdfc3,赵一捷
13cc5f01fdea4af3bc72950504c1c025,钱一文
bb44b40966a94322ab22b1ea18300a15,张四全
2a2904c6c67b41e5813a3602b7ddd86e,钱四全
11ca709aec1b44a98549b9ec2834133f,李四信
f626e0fb8bcd4bac97aee7b2bdb9627f,赵九中
ad4420819e3f421c8b849e759d40d421,赵一息
45c675545da5472299224952ab1fcfe6,孙六擎
dfddeaafe49f45be98c0a01645de68c0,王四信
ce700ed609ea43f58f2a7ed25f92750f,李九擎
72682375807740549b7bb23fe2a1be2a,钱九搜
ef8c34a0bf4d4e1e811e3ee6fc77b9cb,吴九信
6cc8b31cbd054626b431b00c831efc78,张六引
71a15d6800ef47b8a15e261c8f18cdba,孙二搜
470d7bfea0ac4f48ab1be6f3c4f43159,赵三致
ac5a0f47c37741f2bf6f02bb642ef3f8,张八力
a9ba1975aa3a433eac5105c29daafd10,孙七致
764501bc72694a3e95e2e8f78e874724,黄三球
ef7601f3041c434681b2af9fa066648e,钱四力
ea7c47e2d5a54525ab2d82883e4e6acd,吴五擎
fe5869b8577b4447b9389ef501d4d140,黄五捷
5e5bad0089a7499a81555f0de20a52c1,王三全
b9b189e60079426fa29386ebc552c7a8,黄三信
6833f2f50e514f8abc222fe2ccd84e0f,钱四最
098079501e2049b386a9a487b84000a3,李三搜
8993b970a6cc4e27bab7afa05aa5e037,赵四信
d3dea041ece9491b83d67ccd69406d8a,李二中
816af332e25e4b79be2c52190dc2f9a5,钱七全
3cccafd8ff21426193aaaa53a4c5567d,吴五息
30481fa97a9c4120ad8997d0ed42eb58,吴一息
b9f22e5cccef4a079ed023058da91f57,李二最
5ad07be6fe85445f887b05f90ce9ee36,吴六引
3356def693824037a35f71c424f887c0,张五引
1bb8481c44ab47b9bab1a1813386b081,黄二引
7aeac9a7495049f78feed159aa2a9c97,黄三力
b498c37b5e9546d78205fdd03bab0eac,吴七擎
7d42fd4624d9457e8c6cb053d8b3dfbe,黄一捷
a4321da9e9a4406e896ebbc9079e99cb,赵二力
5ddfb09ade364bbbb5954a64e47d43c5,赵六索
60e2fcdcf9d54d39be2ca0167d063e89,张一索
e885a794d0fe44e8b1937216678e1dec,王五引
b6c04dc413894d3bbcb1bcbe3e618463,吴七息
a40e4bec289e4b188a38b1db867fddd4,王四索
7f60c76a02d843e296d85112cf19ca9b,王三最
26909d712c544c33a39c06da07aa4f18,赵五全
78f21cb9c8614ecda7b40c7a841ce37e,李四搜
e842be50871f47e9a91fdc308e4c84ac,张九全
aeaa4dedb0334b378e0d1294c984ea52,孙一搜
171a7d7fbfe5400298ec4128ef0dab2c,吴七擎
7f8e11f5c8fb4a2eb3ac92e30844383c,李七最
f4d45e95cd4d4c22a1f44db12389b2f2,张六擎
92ab6feec04448298a24204437f7ac52,王四引
00638c02793e460995637c0cce2fa58a,张六最
46bb10ec537a4e7388e80068614b4f46,张二索
95e7d701df2e42e6894e4d5a104f5031,赵九引
9384eabf9b32495d91825f4b695acb26,孙七致
195bf33e1c9d44a7b711158ecf95b3de,黄八中
afff20a8fb554e07aab3c8c388a2ceda,张五搜
e4f9ab39768d46e5b634041678b60464,赵七致
757b08c451bd4091bdaf38d525705c4d,孙二力
672bb4627ddb4aaeb5c06890aa940235,吴四擎
3612cec58722439fa5d46d4ee4c95003,张三球
7f4e9462848b42ac9dc9e8ecebaa95ad,张九致
e93a43ea82454232b0c9342aa83e49fb,李三中
6cf94b964b91434799bba780a400587d,孙三力
57b1483dc7f24e77a6fe642f42680ba2,钱二大
68bd603342f14323b3d14e2ac8dc1c7c,王五全
cb0776d73fbe43008baf950af88ffafd,孙三信
6e4dde90c36c40f7bb00fa35ce2d06f9,黄六文
2e6a326503d444c78244ef5a549a5d4e,钱二大
c7b9a94cb4d14259a76d787e834f72a6,黄六致
3ededa194406409ab708ca8bbce4cec7,钱五球
22df3834fe2148498003cde28344d8ac,赵九信
7767050fd52e48eb94f99642ab3bed99,吴四索
fde6809dd37143d1bad372be8a9da776,钱四信
477e0bc3a35340579e86d4b8071ad950,王二信
a2a46ccf636240dda7d2af9db45102fd,赵九信
8016563c3235498b8c2b5dc2978ebc5e,孙五搜
8be6a821e02b47b5ae2e7f4e9466eb3f,赵三搜
fa412f6e16c14cc186473af513efcf74,孙八中
dd05ead9d7ee40d0b51bba3f90dc32db,张三引
8a2c6608a96e4dc6abbf619ccc0e910c,赵一最
55a5717b10724cb3a06f58968ea606ab,赵六大
639692f878184eed93d68414a9a0ac2a,钱一于
97268e58f69946099d12ab65fa6e9507,李七搜
64e90513f4604345b4f740bbee5c047a,吴五于
b39268b99c3f4ec58d317896be781fae,孙四于
df96cb1256b843aa99f77a39ae558eba,张七引
2f9a4ed258e24470aed159f2355d9eba,钱六中
e167e2719c6447c8a9c02312e89c8e42,孙七于
6c8034d2817c4083998b220f9bf5df33,孙八索
92bf300329b146558942be05035e0753,李一信
e9bacb389e7240af8e6c573b0a78c9d9,张三搜
b6b6934c41f14657864ce906b00b6a1c,张九于
f69a31992d3840679c0c5d7b475f1428,李二引
63fcdf8b2ade46058712c7b7d3b1311e,吴四文
62db3143e5c94571bebee28f0b512f21,吴三大
21f8f317ef5246799162cd85ebca1e26,钱七擎
561fbcd0a752453c92fc8223ec118ad6,吴一于
5317752b9188499b84c9338bd5b5e88a,钱七全
e01b19d05eba4fa7bd4601c2456f8331,吴二最
85ae6721ce7d449eba06c72385b7e1c7,李三全
0dbe4b87914f49c498d88d56ddb5243f,黄四擎
4968615e755740ba844ed76aee58f179,吴六索
48aa38935f634ff486a5ddef2cfa6514,赵七大
2da707b4119a49ba9cb33cd9744fe6b6,张五全
c4ab528a910e451c9f2494bdd340570c,黄二全
d604ceac23a1439d8d557e358f6a08f1,张七信
569e15121c0840a7abc0e3eb2cff5078,赵三搜
ef4fb1c765344c8cb89d1de0404862d4,孙七文
cde71bcd283d47edadd92840d0523ece,吴三最
39ca681894874b7d9cd32273926dc48a,钱一致
6654abb0a5ed474586bbada92fcb33fd,孙三全
6a4b4693c6bc4db58ec952ef155d8b7e,钱五搜
8f74e1a09b344976a621f0cbbddfc3fa,赵九全
3d2c4ee96b3a443f80122b13e542ea9c,李八搜
f079a9a19f404cbc841534230508c71c,孙三大
550b3bfca0e2487a9d15fdaaf4bbbe88,王八最
5b3e1ed2f6bb455eb47d40cfa98c7fda,王七最
d7adac31865b47328c63684272352cdb,钱七擎
329566204c76408a98fdc826d884a557,赵八球
c6060d7b9f2540979cf7e2a2b2b523e2,孙二球
691a7d3fef2748adb24d2098ad95ac6f,张五球
fe35eb9dbbd348b7978387325fecc8a0,张四致
bb13bb6723c94cef8a0f47fc639b7037,孙四文
a1dc406633f540bf8979e3c95cb7dbbe,王九引
ad49d78e2a4844a5ad6a1a3567d69092,赵四信
6c8af3594c5f4ceb988808e342016b14,王八球
796efe258f1c4da0aa4b420ca605500c,李二信
8131449b796344acb2935e4952534d99,孙七于
a348846f173f42b8b3551a4cc797600a,黄六引
a23a9a6cbf1a4134a63db1c732631acf,钱八息
f3c11b3a739e46f6b3791b04750a4a25,黄四搜
c35677f9e5324721b0fc826bd6f42578,张七息
f23f2bb749a643e1b50d72a2942a614c,吴五力
1cc348e1023f44ad95a00d03aa270181,孙一球
054ff614550c4900a2905868b65b41fa,李一引
4588a74b149748f781b3f3fceff69db5,赵六中
1f1e0909f3924cf4b25091630fd79f80,黄三致
578fc29ce72a46a190cf3032a774d650,赵六捷
f94d475cfffe47fd882d452a26838c54,李一力
7ff9fff089564e7d84167df89e3b7b55,赵九捷
1d8cf197462e48ea9f0a1d16c497cc4c,张二擎
e4802784355a488bb7496a239104f0c3,王四大
4cacc0929df043aaa4b45d5c364eece2,钱二息
35b4ebd07d004e22b4c31e0778e172e3,李七致
dfa104a12ef9444dbda6dcd6cc155024,李五擎
17231e7ae1f04a3dbff5ee4c22a7ef05,吴四最
13cd8f7c0b6840c986b42e7704141ed5,李二致
622a3a51bc2e419cb69764cafe38ed1c,黄三文
173878ddec2149eaa35cce77abcd6395,钱八索
2f9b7af7bcbc430ebcf25d20098a8401,李九信
033db2223aa14fc49a9c8b150f216af1,赵一捷
c98ebb25a9bf4a38a04333da639ddc1b,李四擎
376e6d23e00a48309e4c5c56eb178d56,孙六捷
f289f42c04de4b878965fc7494318946,吴六全
d8f66d17842b438ca834fb75482af40e,张八于
c327371254e24292a9d5d33de2fa6c39,黄四全
b51d8feefcc84aa686ff9e2428853b41,李四致
c29648d723c24af7b123af35b0eca921,王五搜
338fd7b712134e138f2904176459048e,王八于
7fc3296460b24afe939b1ade3294d48b,吴四力
dcb9e055b1ce4be08149eddd40b11de4,张三捷
390bafec89e046178544732bec2d8b80,黄六捷
743b03c8567e4b3caf783b433a32bceb,钱二擎
e1772314e47c4a8ab45ff7c7319d771b,赵五致
4361ce74084e43a1bd53bc9d75bd4f3e,李三于
90f7fb44cb4c451a9f9ed7ce38d625bf,钱八中
b5e3f97005af4c5e90f3bea1c7c58f13,赵五文
cdf1160f3ffb4a25a2c8126df1332342,赵五全
ed5658768cfe46e2af83681acb9b7904,吴七最
59cb7ffd9954416ea45d9b106ee4ab27,孙二擎
94af8b18288d4656bf5189f3369aca52,钱五致
a9dfc766daa344e4885a6fcc65c46130,钱九中
76b669459aa34e3bbae83b48d6e130f8,赵九信
e79521c10cd64e32a5c4a69aeccd174d,王三最
30c84bbd19444c52b53f68def0de8699,张一于
4208dba54c104cefafc7af096ece7ac6,孙三信
1014b976bdce429090bf5ea298d71777,吴七最
71a9cff1a621457a95cbf1ec99e803a8,赵七文
3b76f29b1bd6487cbce56688f75866d9,赵六全
2cb38374fae74a728698ea1dc2eadc11,吴一大
78c6b5f7aa874ea58df191f4c9db7e42,孙一力
ca7a243a5b6e4574855dca4d42432df1,王六中
7eca2c947d384df1a888798654d9c557,张一全
f1d2359b84074c5995b354d9da25ebcc,赵七力
edab0ee038d948b4bf89e03908bf03c1,孙三引
aea4f2b30dcd47789e0dffce56d9d920,李二于
6415f0aef07d4cf291c4737be4d9aca4,钱三息
46940e753c9f4dde8a0da5fcbb84dd4d,赵二信
0dd9946bc1824c5b8eb696aa3ce3e46f,黄八搜
fcd0a1207e8941e0b6100e415e0a7e29,孙五致
4da66f590fd44963b9bdc8298a2c1104,黄七力
e7cd1db1d1934e4d850e75157fc078ee,孙九中
b994844cf8324752b6413e3834eebf2e,李四力
3b62f16c50204c1c9fa1f53f05458928,王二力
f1f3d4e1c89443efa6dedbfa466ba8ad,张三大
b264cd13f74b44bcbfffad94cab0c618,孙三索
1c9b5e1d7fdf452d8ef6ab7983d6b122,吴八球
28ab83bfcc064934bbcea18ce4da3a31,赵五索
8e8ae51ddd9041aaabcaab483be77f20,孙二力
a5f42e6a72cf42058c4eaf613827e021,黄八文
ab3cd15255614625a73298fe41d9aa03,李四索
4112c9c222db4dbd8783bcc18da63f2e,王四最
3a7b321652c74ce18535f85bb97f557f,孙九于
b16198f4fdc046b2b6f2fe8c1de83492,张八擎
62f530de81014f44a7577556071741b5,王六搜
bdb11296188741a1a5b5ef18883ba2e9,孙一索
6df26679a08e4d42a6e09bfc9a45f0e1,黄六引
91a158752f4447c0b8074b08b70de096,李四引
527654b72e7446478d87c72aadd43235,钱七全
a0e8be32204b4913b1fd61363066609a,钱三球
1ce6b2d5aada467a8ff045f3b4ef80ee,黄八息
a832d16eb2a64ddf96734ad865535e4c,赵六擎
7c1055acbbaf4a40b83e4aa73bc65e13,钱八擎
d201c17af99f4c818b05eb2ff4ba0667,李九全
ccfe27e43fae489faa7bdf1e8a04abd8,吴九信
a9e5fcc8975d48ac87ac0bbe9db64c6a,王七最
a022e9cba0304f38966f7d320777dea3,孙二致
328a25a8b9044f7e8f85d953bd888327,李九于
9e1994ed5b2248a3aa6d682b731838d5,张八球
e6c3e585b2e240819a5ae3c26fd75715,张一引
2d57f9ea9355408797c7662a5dcf91e3,孙七搜
5fce1ba05a1d4d289c866ab2a5624270,吴九信
0cb1b06d99684f1e9075424f863bd564,黄八引
79ffee81072f46c49da7532af423156e,张七球
c55dd89715224381a8ec337dd1683c5f,钱五球
9ae08bf0746d475799c956fe33271b4a,黄六引
75fbe3468be54b16a5db51a0eee297f1,张六息
8196e8e5e94a445098b4a8d4dfdc22c9,黄二大
12c802cdeeb04123897f565fefa35ee6,张八文
7bec833b9ea74ca9b70fe079758a0565,吴七捷
db83707523b6496b8e9ac705d3eff161,黄六捷
264c537be10a4f6dba52e688e4185217,赵八大
7115a6d3b6824941adb53863b16c7cc2,钱九于
6b4c0122901446d28fca9c4920bb84d2,赵三最
43e8085ae61f4fe6b9bc41fe6a24675f,张一擎
244515fc94734a40897d5934bdca5569,张八擎
075b03e1e1534c4883eabfdf16e96c6a,黄三于
58cf4368877c4f1dbc68d5cc22a791ab,孙九息
46f6e89c019140f9b387005c4cc07244,张六文
ecc25b7313d14ee1aae4e29a28b09c95,黄四索
1bd8e4c343f648539cc731c1f40b0284,钱四最
382c31a52bb94aa2bef299f8601600b8,王二信
7fb93f1b09914f718fcfe61ffc6e5a9c,黄八信
0c52e84902dc412298267022a82a8462,王八捷
7ab1e0509c5b42ad848587a7db55d92b,张七大
f0f526fd3cdf4603b31e9060ffb4f352,孙二擎
832cac461a1c43088216f60fefc29d0b,孙二搜
8bfcbe69030c47afa38d35ccd21a9514,王九力
bc7a26fc59664ab2b259a4424075d40a,李六大
0ebfe80a5be348b4b1f59d26b6822697,赵七中
b6351aeff5514139aca0594961168151,吴八于
971ecef24cc148c5a84c9b8cd1cd4498,吴五全
5fb2fb8082374715a11347f6de873c74,孙二索
7e15cbc023d84c5f82ac144c76a9ae69,张五致
c7b654f6842a4d79bc4c5c35a6e4682f,王七擎
76e895bcc85e461a9b2050fe740ef991,李一引
31bf3a1b128b4447af50b22475a4ac64,李三力
dbcb14a408a549d7a17cb5fdcf4650fe,赵四信
18a7c74141b243e2af14ed366a3b388c,赵五捷
9483341ffeaf437392ebdcfe7c7d40ba,王八息
a97336ac843f4ec1bb43a2926ec1ded3,王七致
d2846a5e0f914e8fb69458794a8b00f3,赵一球
1eeda1d899214c2c96058d1f565d56e9,赵一最
2d3fddd81cf146a2ab9ec5c858e683a7,李九搜
95d412fd733949d8b6b381a0d21cbdfd,吴七大
0fd15fc956254ab3a3bdabe16b07cd2f,吴一大
52eb8b751323498dbce633629d226dc4,张六搜
ecc0ab902b194fbc9981b1ae3da417a3,钱一息
206d893e11a44a7884b38d0b8be964a6,孙九引
29fb13fca5904286aa6fda526b2aecf1,孙八最
4d5017be318a4bfa8a4faaa3cf86aea8,吴九信
74782592df76435a9cd9bf0baaccc764,张三大
a21b6901b34c405ca3e494af226c20b9,黄六捷
df648770feed4805baa8ac2dff6e9eaf,李九捷
2cade12a8a9d46458ccc4b005db7c3a8,李四擎
02f51c97739c47bd85e87cf4eaa8a129,王八索
56505b7624714bae9908d7a0cd6bb00a,李六擎
018e88fcd4a3490e9f6061ac51df512a,孙三最
09e3cac8460b4f57baf0d6e13410b683,吴四致
2c3f1450a15d46dcbf1ae4583916211f,吴一息
7229d5d91ca94c2697e3b9d7b1df5b1f,张九致
9008d6ac02874e63a0a41d8adfabb2d8,李四球
c3e7e346107d4a2585937816b7a4512c,吴八最
9fc7643507eb4c868ddcbd4028a85786,李二文
61436c5406e144a0a7bb9f46dfb529c8,王一全
2980f4d7c47b4f9189ba91e157dc2049,钱三息
246afb620afc407fb112a44ce0fa7d30,李八全
a3dd9103a7cd4ba2b144cd793c4c9f09,王二搜
c1a19cc878f54241a394d16bb7b9645b,吴三文
092034418ed14ba2a52159dba8ec4db6,李一索
d4019243a75c4c419c09143b39eae7a7,吴八最
51c27734a49349a985bab2501db91c35,孙三最
80b6b6900e9149f08a4677db77abea80,黄六球
f2c9464281c441b987e48dd43b85a7c9,孙三引
b28784bec63c49e7be148965010c5a65,黄一于
6dc093701e674c26a8465d204951fd75,钱七息
00a5da5e7f884bac92a05aef7893d73a,张二引
fd17ac3113c94637920d639a7f5a63f4,李二中
db50798eefc24abca15f904206170aaf,张三力
07db55e3897348b2ba3d2783237eb337,王六捷
b341724cbbc54fe5bd5d34e52a9610a2,赵五大
7160da00f6714ff491a3162372719d8b,孙一捷
ff9eeb7e97774b4eb9b9bd99fe1a7d2f,张六索
a208105223484e8ab143428dab4540d7,孙六文
d086ee91d31148879c8ffe074f105ffa,赵一搜
5731fd0b870c4b5e890e6623fe05997b,孙五文
7ce8ce5412c84c10a2e4d644672de19f,吴五致
4d0b33c0d2754d5da256da5d6cc81a06,黄三文
e75e1dcc9d2c4fef84afb9ea41d80d74,张八力
f021c918ea964a6ab841c5f9794f512c,钱一球
a5529951ea254f80b76903feb0371722,赵三信
16cd581181b9407282162c761e89f6b9,张八息
4606d1ef758c426bac1a7b1bcc46025f,王八捷
439466f975f4409c89e8e06bcd654096,王八信
984f3d7fedb24e6aaca41bb045285d07,赵九引
5eb2a29a746f4ebe801ace10e0547475,李九信
609ca47ddef5429597638967e7a358a8,王七文
cb44e1b4198b48e995b85d2b9d66047c,王五致
e50f72b0691f4908a75b4cf50e2de0ca,孙八于
00fbf18c3e8545509aa9f367659a1ba9,吴八捷
9f838fed591c4651b323db47d20ce1f4,李六索
5789fe130b7e4c6dadc2e3f093b270ac,钱九信
247ef28b4ffd482bb949d4a7f1a63ee4,钱八引
69b5947f01b4466ba53efc6385bf9776,张六引
f21deed33f174b7da5c18a902472451c,钱三息
044acc69625345eeb612c0912ae6ed1d,黄四大
c29e0e69541f43608c460699f46ba37e,吴二索
a43f95134a154d4dba3438b0e262ad12,王四球
8a08afd804304745bb8eb058d46ee94f,吴九全
163e5905ae464d0387f41647163a006f,李九致
730ae3ed78fe4574bc6b82ded95012db,孙一擎
8e80c451604c4c228a59fddd7f354dad,钱四球
54bda89ea6224aa79c830419d4abdbcc,孙五引
452224f5c3294c2c810d8ce51db32279,赵四擎
8582b042e61341cf96dc78213cf4a6c3,赵九全
39b7e11bfb67491ab480193bac454bb7,赵七擎
f5c5ff23d5994971b4504c57fe2797d3,黄四索
a101e853d8f1458287233113e95adfc5,孙八息
763ef73b685b4ea89e2c7edcb9508884,李一大
4c61484f295140219cf850e4618c0c34,钱一中
d89482b8bcbc4b8fb95198fa38f283ad,赵四最
edb03a8c88de4ee8ac4822d8d78de4ae,钱七大
9c8695ec56a84956aa44ba9b7f638557,黄五信
54b78c44996a421b92a0cfccdb61389a,钱一致
cf2ff7cb584b41259fa87bcfac430b62,吴六引
7e74c3c9533644e5829a9cd9a7d56f2b,吴五大
5a385863710c49a699bd958ca80879e3,吴一大
48b1239990924c6da0d07c51a911fa58,黄八最
eec979e61c984eefb506292ecdd1bca6,黄一息
e1330d381d7b40fdacf2428f0ed78331,黄一擎
85900f41e87f4683a085523bd342412e,张九搜
fa27b80ae50d4ae0b13e64f3f69f9775,孙一文
c94c082a4f644d70ab328bb0fedc0ce8,王六索
a3abec3bd26f48b39c01dae40b599bbe,黄九大
2a9c2b989f824917b288709f68e9437f,李三文
9eac0111741b4e128dee6f147e41118c,吴五信
9bf9aa543582408e8de57672c1efa1f1,赵二致
9f7d42662f704800b68bbced293320e8,黄二索
73628f9bfad840588f5c9d4feb5a82b0,赵三擎
7bc005ed5dd145c1a5157c9e3d8fdf35,王九大
3bba89f357454029abe271cd8c0f2889,吴七捷
90c7c32f837f431392069e4db2949c47,李二息
dc94319cb5e246ba85969ded1d8975cf,吴四力
4f2eb8655de343caa5e079f6cd2dcf74,王四中
6e9ee0e5be8748b886e77c1cdc2361d0,钱九大
ea2b5296af99416c8cb0f3543c2cb62e,李九信
83faf13ed3074a4a98f2f0aa48183ba4,吴三信
c967f81572dd47be8c49dc745c718f57,钱七最
8c09898ad2204560a02e0f85df930268,王九引
3b4226e9e069485e86dc595e587710bb,王六引
d37c04c8549542aba8caae60de8870af,钱二搜
668a80755a524f9b96e666332077ec57,钱八捷
681d5def2308451c8e2e9028e31b4c8b,钱二捷
ea26536ebf254c64a60f74f159a222b2,李九中
b5e536cd91cb4c22a3aa04385d3a282e,钱三引
e53366f9c9aa4ad583b295ff72570c19,张五息
12730bdc7ea146abbf6617b2d1116030,王四息
7b66c297d7a34c4bbab1154e354ecc46,钱四全
896f2bfd24494551b37a5587e1310fa3,张二最
74fbd633983241dc85859e50d9853a43,张五球
a48f64d459e64982bc3a0fea4dfac09a,黄九信
ad59e5f7f4da48ed99e300d7e5e12c6b,张四力
4c18127be343400f8d449ed5924dad1b,钱四全
d49fe029c76344aa8f57a98fca1e0291,王一中
c1371109b5a045008d9a08955dc9db2a,黄七文
d736547ae1fa48719bf452247db44a2d,孙三捷
2db0d830a67a4338b36d8b927ec29cc1,孙五信
093e8062cded40848c0a8b3ce5af462c,张九索
99333bb976e045b28200bac5f31086ed,张四大
64d7f861884246cf9b83b34585557d8d,吴七力
88dd91d9dd644cfaafb7a9a53d83457c,张四力
8efc8cf882af4e4ba242e695cb006b61,李四致
ae6abf79038a4f619dee7fc2939ef5ec,李九最
2d11abcdab624cd5aac1faff44a9ab56,王五力
beb779893ec940a49045b6f2918f6935,孙八引
fb6609a855294026a7ee4e16de29239e,黄六大
f87ea28780094d59affd9f37dda9e47b,赵二最
0fa5f0aca6db44aebb2bceb65e349846,赵七文
4a9fbd1ebc544def9b29a7af25f8b561,张一最
d9838bd031944a439f97f3dcc2515c18,吴五于
6c0dd0b3701e4eaf802c9dfe2397e4a1,吴九息
4ab07b5c084048e99dc84df7aa1a1cee,孙七全
bbd80d0e4ccc482eb72bd3875b2680e3,张七文
ff734c787be24422a8755aa8da46194e,黄七文
41fc6e77a84e4b45ab02c2034db26814,王七大
276b734d8b2142abb28335969e333fc4,吴一搜
6486a7f5e9554a9bb330a1a3ea4c4a16,赵六索
843ec9814cba4161b59c5f3865811aed,赵一擎
38201fa9b1df4295b9dc5a4771e01163,王四中
e60e2f5d8bdd499ea67db2e5c30adfad,王九大
2c1c35d9b0f74f9f84e6b49f5bace989,赵三索
1e52692b03514c789ca44c50b78f5ec4,李一致
55d7058c5196465f98db8447e79fa6be,李四文
eb936e15e1d74820a25c6ad44492e242,张一中
9c5c49e10761432f8558f3905e2fe841,吴七力
69e1eb600dd247f89f3d01b5edc93130,李二致
68c91e8158af4774acee603ad1e2809c,吴一索
5feae4d1b2ec4e8caceec829e394a76f,孙七最
a8fc96faa9c24c40806363c921a3b4da,李八于
6194fb254c674f578501c179d2a50712,赵七信
3be8a7e5cb844ffd807d8745536b5910,王二最
f88f96e83c24487abb3bdf0b8ca278d8,吴三大
0b6468949ba34e6a8b23bc514546b33f,吴三致
3518d3d5becd4e0980f336b782a1ed93,李六全
d19409e445f1422a92c4bec0ff21b1b7,李五引
666262ec508a499a902e836e13d80d90,吴九息
a0b7ef006a4048daa4fdb1d9f12a1f52,王九文
be8f0496b2a94c5ea7b284027c229d64,赵五致
2df63e7911a04751879d1addfa638bcb,吴三最
e7f2918c5f0b442895b32c44f1a3b7b7,孙一捷
200844ca7d404f92bfc6e665262d5b1f,李五球
49cc71a7d25f4676b861c4b3466dd101,张一息
9d28c9cfa3a642309271447591d930cf,钱四最
5e865cac137c4a9a86425e37585c1359,李九信
25e94e94345f420f9b6d71c16e15e0f6,王七引
44477b5faa744d1284826f8618c36e2e,张一引
67b0572d016747219cc7b91dadfed6c4,孙四搜
a7b53a83ab1f40d880eedeaab0a9c5be,张八致
5178476c9bbb444bae0a787bdc0b5bd7,孙九最
a6b32dbde1844cf789f1962b39e9082b,张一力
cff9cc4d94af4d8ca80bd986b22b7093,李八致
45726761f2304825bc0d6ce0b44bf075,钱八捷
332d64cf7ebe4b2a8918f78fe09770a9,吴九球
0d9ce094308642b8b13f5545852553f0,张三力
f4b585191cb8478fa5f17806b7f10ae6,李九引
42fb1c039d4447c3a3f0a185a5537528,吴七全
a32626cfb8d64ffc9f489a156c0c4e37,张九球
1789a0e8b5d44795bf1afaf7a5793351,黄九文
bab15187ffe94650abfed61cd96f8933,黄一引
b68310282f37437384224d0dd8e054fd,孙二引
59f1fc6052d9422cb7553373bdfbfe10,赵五最
07feed0193c3459e8d1d46956d90948c,赵八引
ec886b543e55452e8da4a7fe54148454,李四全
7742302ae83e4b42aafbc899ddc38dd7,赵一最
ca3971ad8d504bdc92de038f8f760dea,张四最
b04834da05e542c8acad3bc9f6f4aa59,黄五信
774398cd5da44443996b71f3f91a1945,孙八搜
5a1b3d51fdde4d68891eeeb6d813ffd8,赵六引
019c73f086054866ab44e8b652532654,孙一文
55f6e261976f4339ad984a4b560c84dd,张六全
2b76555aa3de40dba9b829849d5f8a9b,张四息
3d141f45185e479393c750cbb09a54fb,王八擎
9d27de3531e54d2bb9cbdd2fcd5ca149,赵三搜
d8e37f52c5364f6a86bcaadf1ec0e028,赵四致
6c261994df2b4c0ab06a16df4eab8343,张三息
088dc6b879eb4d5d887d4c82659ab592,吴六擎
2ca3457834d04a20af847562d86ff091,孙一文
f9fbcc719d294213a6289bc877192b3c,黄九球
984ef866e0514f2ea51e588824b298ad,张一捷
e4b0248296eb4f48b587b770d7af5745,李五索
e0def9ec57204487befbc8c04077305d,张七文
7d7f015ea42e43d1b5c654f91ec2aa43,吴一搜
5a94e8a3cb8c43ca975cf3f88121499f,赵二致
5391c7caca8b4d3daed3a0b6fd74e9b6,赵三索
11dd83c3fa5747abb7271c321be6df3a,钱七中
4e4b4a4a51244e6a885e4fc8079d4794,赵四力
bd2cd14dee0442f0abc61657cb05ebd9,张六擎
4d58f68f3b3c404d814629e477839692,钱七息
c2a56e1ce9214fe0928b81f75a1d293f,孙六中
7bbb289eff1f4d1cad899ec7b92e125f,张一大
52f81766c0be4decb1f9a396b6e6b973,钱四文
b1ee557532cc47ffa8b2e26611ad74b3,王九于
3950b337267f402f85767cd3733dda38,张五于
8ac0cd5110a14d319ff0c0958881bdea,吴七文
c7d592e534494418beca8b81ee4bc578,钱四最
0790e46ed29a4b789675dd9a5c2eead6,吴九捷
775736c8295d4a158eb6e51132982713,吴四于
e2a16d5c6323490185d0b0f3454b468a,赵二息
84588b059a634b209389fe7ac20d314c,李一擎
927802cd0df045c19a7f369cd6052cc0,张三擎
f91424a73300433aa5530a81f641f92d,张三息
66de5fd914d64c109dfae82ab338fb39,赵八文
2662beb77f5f4f0da6fc5d335cdb4fa6,张八文
1d93ad8eed2f49e9b6fe354750affb94,张六信
71c671cfd94b4bc498f8b6dbe362d286,李五球
e94c34c4a8cd46d598d4f8adecd1f6c6,吴八球
a5ee56fb94db45ed92098cb6814aeb90,张三息
7344856c006a49238ac5d08923a0a348,赵六最
f683f6e0e7b84eb5997c77d28eee3ba9,李三球
1665db0a923646b3baa6b777404138ba,钱九球
d6adf418ca194ed798bfb2203c06c94d,李三信
94798e296b234f87a0cd2b22ea96247a,孙四捷
394bc0e4a17f4b1faaf69b0cfafeedc7,吴三致
8e4a166ac0ea461fb0449ace7b81daf3,钱三信
71dfb965a18c491981b8db7a460795c2,钱一信
5e4031e806a84032bd1a99790e16da03,钱八擎
27758444d2e34fc099f2253862feb18b,钱六息
b9a2dd01c6c543b18ff4f219cb082182,王六息
d148dd7e894e4e3d977d18611c1ab9c2,孙六全
c34093e4bb4c41a9b835575788c86f4e,钱二球
147e37c9a3b840158043d9d87b4f1a8d,王一擎
acc4a193c2af434fb8c42aef76842c31,赵八捷
44615f24523341dc8bcf0864fc20da25,孙四最
1e633c66d1b54ca8b28a8b2177a9c77e,孙五文
60d93e2efccd4cf886e827f72e2dabb5,钱五息
61228e922fcb44c3b2340a3bdcf17676,李四最
e4c7b3da977b48baac846fc96e3740f8,钱六大
d3c270b27d4443d99313c0affbe87fba,张六擎
d4c45687ae5a4e7eb2caf42bf84e4aad,李六大
963c37e8af4340368293f886ebefdfb4,钱三信
a0f7743750d44a4ca3f22272728a0329,黄七信
9d0d42d950c44e48b2bf24bba95cc4da,黄一信
e28f2242fd5946a8a57ebaff3ba5f8ef,孙三息
e0b51822328e4c538e86048259b33cd1,吴六引
25e7f5eedcdd45f095f78a97b428de71,吴一球
825b59ee026e4b939a75870ecbe209dd,钱五文
559d0872b9454e5c999e208f9de902dc,李五信
2c8896d4ded94213bbd192ad94075daf,赵五搜
8a85f8909cb7400a93a30faca3065982,张六大
38bdeea0a4424d4d8c9596c4589c1f4e,张一球
8c21f39d9b814e0297ce3865d4bf0c5d,王三球
5066e3acdcf5452cb0e86f371bc12c07,黄五全
fa32edbdfa4c4d8e9c4b72a62e7e13d6,李九最
bcb6c08ed4a944c1a2f729c04049d0e0,张三信
b2d300f1258c4b1b9125dbaf139ee6fe,孙三信
c7c948c2fb3544c58d8080760615aad7,王七息
07f5965bf5c44723b79ee0184be70391,王三引
44d30ef7febe431c8024ee526fe8009d,张三索
cd072bfab142435381f5d8e304c6485a,张七于
e990533b26b744e2bfbb322a18ecd2bf,李四大
c3cff00dbfb74c368a1d8c3b798e76ab,孙七致
2191c992b9374ecdb8f9b398cda3a462,李四于
6c94cced13d04b3b9c82f117a23fa4da,吴二索
2a845941600146aca55be6bd8957a188,王七文
7d7d5404b646469b8fd15e9c903b589e,赵六搜
5792e7733d3d49fea657fa4ead4a4d9b,王七大
a05e140f61ed480a869a53167115038f,赵八致
9acfbcea58c44a4fa639d4d13d4533fc,李四致
f3e30fd65f164f09b06710b7edbdbe0d,王七球
16803f475c5e4d67bf772c5afa3a0f32,黄四搜
936823c287854e2b8bf4352744d7255b,赵二全
6754ae1c40b14abcbdb6f378096abb5d,赵八息
82d905055dcc40e5a74a1172f21aab8e,张五搜
2f43414f2a2942f89dbbe4b14640a108,赵四引
7106092a905c4b03959e3d4a849e2c4a,赵二最
13c112f218c0483f9ed8787d11c9f927,张九索
b19f2b178c424b2fbbf9db5f1f92812f,王一于
475d9d9d1f2a42f085182f7649d07710,孙七最
7a379ff396ea42ae8150672a464ee4bf,王七中
6f727b4cabe9421d8e37001856b2b0c9,王一信
0ea7726093394490a8ca6c95ef3b0068,吴三文
5fed8dfcec5840b88991c9ccc453b2b5,张九最
6b600ddea8a24732aa58c6731b8859a4,吴七索
68a63a7e1b4f415c99ebed7c2e324734,赵一文
e5266f7b138d44a6bfe46cb9a1d9ca68,李二全
4f49a54f25034a9e990c2e7a6c53e39f,张二文
fba8fcbb1f6b48768099ed3212848b30,王五中
b8af78bf46754612a2864efd72bec0f0,李八索
b66e2db5d24a43f99863b54d6ad06f17,赵二球
06db133515ef4439b98c4028a4187d48,李九捷
a3eb2e109fbe4c81abd50bd0c8e72e0a,孙四中
a74c840fa2de463aad94f4eddc3975b2,孙三息
d4ee5a5cc9e844128a82ee0ee8fa2d80,张七擎
b8a7388b73e54f038eab54c8b6193b76,黄二致
77449c82a2804948b40a1710c9768e0d,王五捷
d8b350abb14645b5b31c3b90e108cdad,钱三文
703a907f6005463ab72912c64d7d85da,李二文
a64b9a98d5094cbdbcc2f627bb80fdb8,黄三致
d65b6ec34d5a480d871844bf3d2b28a0,黄九球
e24aa6c482d548dcbdb56b4fe3f482cb,钱四捷
e179820638e5458c94054d35af650ee6,吴八球
7afe7ecbcc794383859a25dc03ebb130,钱九信
1f6dd8fc8b1144468b2b7f9bb179392f,李七擎
210cb18c0af7427785dbe395aed92be6,张一捷
b14b97b4fbda45988a75ec83468a00bc,赵二文
f8bb28dc0832414e8401fbc9ca6c675b,赵八球
6d66cb87bd5f4048b91632283a845fd8,赵九搜
b7c2e5cd333a4349a24851bc8d2cf90a,赵三于
74aa54f1462f4452bc8cc069ecb8022d,王六致
391892b1b29747e89658ad23eaedc1aa,李四致
90d8a491948748918dc064d9ccaa87de,钱八球
44e93f9b157b437cacc7020789fb4c80,张七引
f668fe722e934fe99284a62246b4d6fd,赵一大
052c569821ef403b8b119f09640d29bb,张一搜
0cd5c21549294bc3989576c4061db314,钱八搜
4a875fce8920406cbf240ef4deb92b23,王二索
072f1d1185e5484ebfe7fbc86d5621cf,黄八致
3a67acf0ab524a44bb24c04f77bae487,钱一力
9d3c117fee7341ffbe8ad761025ab723,孙三最
475babb918a14a91881f03914df380d4,李六搜
3020ac80e5aa40379ba384d375002f14,赵五信
3635b565e5f54bf0b85f7e03a0891331,赵六最
403554a3e92a4a9d80928b52414c2cc3,李三全
3bbd81f7348b478b966b6e761ffc5377,赵五索
6e276d30ae344fdaaeeb435ac4b168c8,孙六息
015c6c89faeb40b88937670c580d3212,李九索
c4bd85dea0e4479a8c461d7f99b1999a,孙四力
07502349d6824c15bf3bdcc074f7595c,王六致
f5624355ba854b08bdcd7f0c176d1b77,钱七息
0be9e542c97849d697cc3935ab00e22e,李五大
7670d51ed79b461e89dc569586309143,黄五中
1aadf5e0157244ccaf730dbf00e58cc2,王六全
e7b07396614f4636ba88a5de09dea47f,李一于
390e451ed1524deebf3fe879f2cc15b8,赵七最
46e64ebbcb6244f9aa0b16c3da5a3dee,张七引
a8cc3aec2d824a55adae837a09a02956,李三中
fb2132a221c44a6390e2c35f0ebe2f9d,李一力
f5b43b894fd5423abffd2bb2215f3563,赵六息
a73a98c19ac84194af0dbc82f61746d5,黄四力
c98cd724666b4c44b601ed3236d5f3ac,吴三致
d0159ad4c4504d0aa4ec08be16fcba1e,王九全
43d37d8bb21c4774819371febe5ed2af,张五最
86d0fa802dbc4e5cb4081970990e9888,吴六大
f02c6ed1e5c54305bd26c4c19d8b7b2a,张七致
f58c9b51dd2241bf829805dcc22a9be3,孙三中
beee1d310fa54783b3db6a184ea1dd50,李二大
c142f3a310034f59a797cdb25983a928,张五引
1b4f4bf446cd4dfaa116bfab05ec2b57,李九信
038ff27a762247d1a36866ed56e90c22,张四信
10fbc85184ed46459026365447d200d6,钱七全
b70cc794b8b6426a84bbe00ea130df0e,黄八于
fdd78212f69649ef96ad0dc11bd3f38d,李九息
db270ce16ee74864a0e47c647075ef14,王三中
f57115497803438cb08e5b5f88b9f361,张七索
024b2230fa11457e95917d42c72ece1c,张六擎
dff35a820cf94470b5bac7c1bcee981e,孙二擎
369e4e5bd7b24f1299b76248e74c7efd,孙四最
bd66f8d72c0c46ca9c98520a0917382a,张七引
7269469ce77b4e32a2224313f1ef3f0f,孙一擎
d5b2ddd0a6e348059722fb48d80ece9f,钱四信
200f1dc90ca540abb67ef2ddb55d5011,黄六于
d0c1f62eec3e46b692e162658670aa32,张一索
24746fd9b1da45cbb125729c8d284f52,孙五大
04acd1a1298c4b4a8ff21e39f88df36d,张一力
540f47ab38284ffba4d34e22a6834201,赵二致
88c4759e225047afa6924e22a42778fc,吴五中
d7fcbb14641b46ee8378f674ee22e64c,黄六最
d3b5aadfa77d4dbfb944bd566d4aec7e,王一擎
106f1fd76560486c9bd55c3eb4d20f1e,赵一于
a16683bd89494d8cbe4d9e3962ed1674,王四力
f0d687b45ce04fcb8ab28f9bdb8c226f,王九息
4b888634cbbb4d47be5dc614b3591a6d,黄五中
6a17e612cc6949c5ac30098eeec315cc,赵八中
1c1445a6bd8f46bcb63d8b17ab3dae04,王五擎
352afc7ca5be41ddb7787b3f0185c41b,钱二力
557a869de4ac485f974772404e04869a,王四信
4ea8ab2387994617a3447b02907de667,吴二全
21d54a7645a74e7887e3fce8e65d099e,孙五中
896d7363656041a2b0ef289cd5c51a16,吴六大
cad55307a198470eadd22a57b15158ba,吴四大
85e0f32594d3475888eaf467aa65e018,张四致
4f94452507d8491c811526ef44eedab4,张二中
75667d48df394d7ea01298431c62a40f,吴四文
64da8a6a007849e9a884e583c02494dd,王一最
7fec4c67b3614d91afa919c7c8cc08c6,孙八信
1975e9dc10a143f39f944af88292f4d8,赵八最
ec8d402857434b5f865710c5514a7397,李二捷
d4a7055d352e4df98477ec64d1d208f9,黄九搜
272e939e60a6414b9b82c85fa3fb5808,黄三球
baa695d7f5634f369cfde2f7127084fe,张七于
fc1f61dca810475db7a018535faf5454,赵八中
aee921d0e68f4b59bccce22d0bb9416f,黄七中
6a20ada7cc0d48eda859839684da73c2,赵八大
a45391c63343455885be2288b91b6dde,张二球
6fabcec4a14a49bb8bfad9c874b30ba8,王三引
0a3c53ebe61342d69220565ffd8f7a43,王七致
03d2d1b95901402392328dc60ea0163f,张一息
45e4ecb3ae444a0ea484ae9c094ece68,王六力
7e4bc2e827df4a7aaf949cfefc25edec,王八捷
b9ad6d58b841456b80b1398c028edf6b,赵六最
8186d6a98d0741cb9522acbac9517fa1,钱七捷
1975b8ae4ae34e5bbd9e13519f5b1a42,赵九致
4dbdd42aad714ad0bdecbb3b1a3ccc54,钱九捷
9da3e60956564fafbf3adc96662e3983,王四捷
9cbceba60fee4101a1b0974d0d3ce845,李七搜
7e39890bb8cc468185a80bcd7d1dcb9b,吴六索
477d64534956476ea6bd18e0b8e5b29d,赵七力
fb5a13d9cc964bed970591d7ea04df1d,钱一息
d70b7b282e6d4a47b591fc664a7105cc,钱二息
10567491a1c040da9e13124c135893f0,黄三捷
0882ebebe13c4974a39f6dbc882ff8c6,钱二于
6bdbeb266ecd43b7b69a651a923c0fb9,李九息
d8658814cf5c45a6966e9d175a51542e,钱三信
49c0c2f0a79a4758963dbc3c4903cf74,孙二擎
ca1e8caf4a4e4f2cac4af46ce8d18c45,李一球
74edd5c668e54b41a8e1fad3172116e8,赵五搜
0f4f4be65e8e47fb8c95c6ae2eb4a659,孙四信
79872d1c96e546979f5b4d4958b2d7ee,黄三擎
93765298b7654c368ffe9b3c16720aad,吴六擎
730d8e524fdd4a8eb6bda929e2ea0bb3,赵七信
0478f60ec0e34a199505f7c9686dfc5f,张六搜
9128f0dae3e84624ad0ba0529bdc9cfa,孙七引
ca3a45603a354372863f2569d7bf5aaf,钱三致
49485d336e504a35b399e0f841ad1fb8,黄九球
e35f5db4c7bd4435b9ae4cf24c5f12fd,钱三球
462cd3c0ee5c4ed2af2b8b8801e43143,张四搜
e6ddaeba04854e81805b27ec16040988,孙四文
815a0410fd574ccb824bd415b64864b8,孙五索
1b526558868848f2a8e8f910a7bd5b37,张三大
c6b60191c2c8406a8d6e59627635f14d,钱二全
d1f60199658f4b00b0e1b7c82d599d0a,黄六大
5160fef8dcfd497d8eaa024e984cfba2,黄四致
e18fc415d39849b296e4904779a37cf6,吴九索
5ae1563dd2b74972a70937a4ebcf0b6c,吴二最
f512cceb19d440adbfa67c59565da851,钱七息
07c2e23050894962a867461259c72c3b,孙五引
ede630dc47c34b258a1d4db3be550ff3,孙五最
88a05737a1304a2fb4d82720bdd6cbb6,王八索
7ae68c8c734845b5a8c4b5e4d271b624,王四球
d90bd7f89ada449083ae699e7c0c14db,孙二全
538bbf280ff0433cade0f00d9354bf31,王七大
056f567270db48f78ba1e0c2cf733360,孙一力
dad21f25d4374a0887a0e6dca1a32bfe,张一致
6f586b21645b4c7b806a19fe3c73d603,孙四捷
